/*
SQLyog Ultimate v13.1.1 (64 bit)
MySQL - 10.4.21-MariaDB : Database - dzairacademy
*********************************************************************
*/

/*!40101 SET NAMES utf8 */;

/*!40101 SET SQL_MODE=''*/;

/*!40014 SET @OLD_UNIQUE_CHECKS=@@UNIQUE_CHECKS, UNIQUE_CHECKS=0 */;
/*!40014 SET @OLD_FOREIGN_KEY_CHECKS=@@FOREIGN_KEY_CHECKS, FOREIGN_KEY_CHECKS=0 */;
/*!40101 SET @OLD_SQL_MODE=@@SQL_MODE, SQL_MODE='NO_AUTO_VALUE_ON_ZERO' */;
/*!40111 SET @OLD_SQL_NOTES=@@SQL_NOTES, SQL_NOTES=0 */;
CREATE DATABASE /*!32312 IF NOT EXISTS*/`dzairacademy` /*!40100 DEFAULT CHARACTER SET utf8 */;

USE `dzairacademy`;

/*Table structure for table `collection_items` */

DROP TABLE IF EXISTS `collection_items`;

CREATE TABLE `collection_items` (
  `id` int(10) unsigned NOT NULL AUTO_INCREMENT,
  `collection_id` int(10) unsigned NOT NULL,
  `course_id` int(10) unsigned NOT NULL,
  `created_at` datetime DEFAULT current_timestamp(),
  `updated_at` timestamp NOT NULL DEFAULT current_timestamp() ON UPDATE current_timestamp(),
  PRIMARY KEY (`id`),
  KEY `collection_id` (`collection_id`),
  KEY `material_id` (`course_id`),
  CONSTRAINT `collection_items_ibfk_1` FOREIGN KEY (`collection_id`) REFERENCES `collections` (`id`) ON DELETE CASCADE,
  CONSTRAINT `collection_items_ibfk_2` FOREIGN KEY (`course_id`) REFERENCES `courses` (`id`) ON DELETE CASCADE
) ENGINE=InnoDB AUTO_INCREMENT=15 DEFAULT CHARSET=utf8;

/*Data for the table `collection_items` */

insert  into `collection_items`(`id`,`collection_id`,`course_id`,`created_at`,`updated_at`) values 
(4,1,7,'2021-12-16 00:24:23','2021-12-16 00:24:23'),
(5,2,12,'2022-01-04 02:45:02','2022-01-04 02:45:02'),
(7,2,14,'2022-01-04 03:33:19','2022-01-04 03:33:19'),
(9,5,17,'2022-01-04 04:16:07','2022-01-04 04:16:07'),
(14,1,23,'2022-01-13 06:03:39','2022-01-13 06:03:39');

/*Table structure for table `collection_shares` */

DROP TABLE IF EXISTS `collection_shares`;

CREATE TABLE `collection_shares` (
  `id` int(10) unsigned NOT NULL AUTO_INCREMENT,
  `collection_id` int(10) unsigned NOT NULL,
  `to_user` int(10) unsigned NOT NULL,
  `share_url` varchar(255) NOT NULL,
  `created_at` datetime DEFAULT current_timestamp(),
  `updated_at` timestamp NOT NULL DEFAULT current_timestamp() ON UPDATE current_timestamp(),
  PRIMARY KEY (`id`),
  KEY `collection_id` (`collection_id`),
  KEY `to_user` (`to_user`),
  CONSTRAINT `collection_shares_ibfk_1` FOREIGN KEY (`collection_id`) REFERENCES `collections` (`id`),
  CONSTRAINT `collection_shares_ibfk_2` FOREIGN KEY (`to_user`) REFERENCES `users` (`id`)
) ENGINE=InnoDB AUTO_INCREMENT=5 DEFAULT CHARSET=utf8;

/*Data for the table `collection_shares` */

insert  into `collection_shares`(`id`,`collection_id`,`to_user`,`share_url`,`created_at`,`updated_at`) values 
(4,1,4,'http://127.0.0.1:8000/collection-shares/21y10nvBPi6mDa.Lh.i5YNLmGem5S3Sm20Qk3kErxzvlZ1HDcIexwnbVi','2022-01-04 04:39:44','2022-01-04 04:56:33');

/*Table structure for table `collections` */

DROP TABLE IF EXISTS `collections`;

CREATE TABLE `collections` (
  `id` int(10) unsigned NOT NULL AUTO_INCREMENT,
  `user_id` int(10) unsigned NOT NULL,
  `collection_name` varchar(100) NOT NULL,
  `description` text DEFAULT NULL,
  `is_publish` tinyint(4) NOT NULL DEFAULT 0,
  `publish_key` varchar(255) CHARACTER SET ascii DEFAULT NULL,
  `created_at` datetime DEFAULT current_timestamp(),
  `updated_at` timestamp NOT NULL DEFAULT current_timestamp() ON UPDATE current_timestamp(),
  PRIMARY KEY (`id`),
  KEY `user_id` (`user_id`),
  CONSTRAINT `collections_ibfk_1` FOREIGN KEY (`user_id`) REFERENCES `users` (`id`) ON DELETE CASCADE
) ENGINE=InnoDB AUTO_INCREMENT=9 DEFAULT CHARSET=utf8;

/*Data for the table `collections` */

insert  into `collections`(`id`,`user_id`,`collection_name`,`description`,`is_publish`,`publish_key`,`created_at`,`updated_at`) values 
(1,1,'collection name 1-2-1','this is a description ',1,'21y10nvBPi6mDa.Lh.i5YNLmGem5S3Sm20Qk3kErxzvlZ1HDcIexwnbVi','2021-12-11 14:21:12','2022-01-04 13:50:08'),
(2,4,'new collection for me','desc',0,NULL,'2022-01-04 01:49:35','2022-01-04 01:49:35'),
(5,4,'erer','ererer',1,'2y10KC.W2qDQUUyy5qZIxSz22e5UvnMAsv57ZpJXwtXXDZ9SaZ1ZHlC6','2022-01-04 04:16:07','2022-01-04 04:46:59');

/*Table structure for table `course_languages` */

DROP TABLE IF EXISTS `course_languages`;

CREATE TABLE `course_languages` (
  `id` int(10) unsigned NOT NULL AUTO_INCREMENT,
  `course_id` int(10) unsigned NOT NULL,
  `language` enum('en','fr','ar') DEFAULT NULL,
  `created_by` int(10) unsigned NOT NULL,
  `updated_by` int(10) unsigned NOT NULL,
  `title` varchar(255) NOT NULL,
  `description` text NOT NULL,
  `status` tinyint(4) DEFAULT 0,
  `created_at` datetime DEFAULT current_timestamp(),
  `updated_at` timestamp NOT NULL DEFAULT current_timestamp() ON UPDATE current_timestamp(),
  PRIMARY KEY (`id`),
  KEY `course_id_idx` (`course_id`),
  CONSTRAINT `course_languages_ibfk_1` FOREIGN KEY (`course_id`) REFERENCES `courses` (`id`)
) ENGINE=InnoDB AUTO_INCREMENT=29 DEFAULT CHARSET=utf8;

/*Data for the table `course_languages` */

insert  into `course_languages`(`id`,`course_id`,`language`,`created_by`,`updated_by`,`title`,`description`,`status`,`created_at`,`updated_at`) values 
(1,1,'en',1,1,'test','wwwwwwwwwwwww',0,'2021-11-27 05:18:30','2021-12-16 16:23:26'),
(2,1,'fr',1,1,'test','',0,'2021-12-03 11:43:29','2022-01-14 01:56:34'),
(7,7,'en',1,1,'file upload example','file upload description\nfile size = 56Kb\ndesc : lin 4\nextension',1,'2021-12-10 04:30:45','2021-12-29 00:12:54'),
(9,1,'ar',1,1,'اختبار','وصف ع',0,'2021-12-16 12:29:25','2022-01-14 01:56:34'),
(10,8,'en',1,1,'new issue test','hao are you?',1,'2021-12-25 05:23:37','2021-12-29 00:12:52'),
(13,11,'en',1,1,'sample course','this is a description',1,'2021-12-28 11:32:33','2021-12-29 00:12:49'),
(14,12,'en',4,4,'title','desc',0,'2022-01-04 01:52:20','2022-01-04 01:52:20'),
(15,13,'en',4,4,'sssssssss','ssssss',0,'2022-01-04 03:27:08','2022-01-04 03:27:08'),
(16,14,'en',4,4,'ddddddddddd','ddddddddddd',0,'2022-01-04 03:33:14','2022-01-04 03:33:14'),
(17,15,'en',4,4,'eeeee','eeeeeeeeee',0,'2022-01-04 04:07:05','2022-01-04 04:07:05'),
(18,16,'en',4,4,'ssssssss','sssssss',0,'2022-01-04 04:13:39','2022-01-04 04:13:39'),
(19,17,'en',4,4,'ererere','ere',0,'2022-01-04 04:16:03','2022-01-04 04:16:03'),
(20,18,'en',1,1,'dddddddd','ddddddd',0,'2022-01-05 13:52:54','2022-01-05 13:52:54'),
(21,19,'en',1,1,'ddddddd','ddddddd',1,'2022-01-05 13:58:36','2022-01-13 02:50:47'),
(22,20,'en',1,1,'ddddddd','ddddddd',0,'2022-01-05 13:59:43','2022-01-05 13:59:43'),
(23,21,'en',1,1,'eeeeeeeee','eeeeeeeeee',0,'2022-01-05 14:05:27','2022-01-05 14:05:27'),
(24,22,'en',1,1,'rrrrr','rrrrrr',0,'2022-01-05 14:06:18','2022-01-05 14:06:18'),
(25,23,'en',1,1,'upload test 0103','descriptions is ok\nnext line',0,'2022-01-13 06:03:39','2022-01-13 06:03:39'),
(26,3,'en',1,1,'tttt','',0,'2022-01-13 16:29:32','2022-01-13 16:29:32'),
(27,3,'fr',1,1,'tttt_f','',0,'2022-01-13 16:29:32','2022-01-14 01:49:42'),
(28,3,'ar',1,1,'تتتتت','ffffffffffffff',0,'2022-01-13 16:29:32','2022-01-13 16:38:57');

/*Table structure for table `courses` */

DROP TABLE IF EXISTS `courses`;

CREATE TABLE `courses` (
  `id` int(10) unsigned NOT NULL AUTO_INCREMENT,
  `specialization_id` int(10) unsigned NOT NULL,
  `level` varchar(10) CHARACTER SET ascii NOT NULL,
  `faculty_id` int(10) unsigned DEFAULT NULL,
  `training_id` int(10) unsigned DEFAULT NULL,
  `module_id` int(10) unsigned NOT NULL,
  `created_by` int(10) unsigned NOT NULL,
  `updated_by` int(10) unsigned NOT NULL,
  `title` varchar(255) NOT NULL,
  `description` text NOT NULL,
  `filename` varchar(100) DEFAULT NULL,
  `filepath` varchar(255) CHARACTER SET ascii NOT NULL,
  `filetype` tinyint(4) NOT NULL DEFAULT 0,
  `filesize` int(11) NOT NULL DEFAULT 0,
  `cate_course` tinyint(3) unsigned NOT NULL DEFAULT 0,
  `cate_exercise` tinyint(3) unsigned NOT NULL DEFAULT 0,
  `cate_exam` tinyint(3) unsigned NOT NULL,
  `protected` varchar(255) CHARACTER SET ascii DEFAULT NULL,
  `status` tinyint(4) DEFAULT 0,
  `created_at` datetime DEFAULT current_timestamp(),
  `updated_at` timestamp NOT NULL DEFAULT current_timestamp() ON UPDATE current_timestamp(),
  PRIMARY KEY (`id`),
  KEY `specialization_id` (`specialization_id`),
  KEY `level_id` (`level`),
  KEY `faculty_id` (`faculty_id`),
  KEY `course_id` (`module_id`),
  KEY `training_id` (`training_id`),
  CONSTRAINT `courses_ibfk_1` FOREIGN KEY (`specialization_id`) REFERENCES `specializations` (`id`) ON DELETE CASCADE,
  CONSTRAINT `courses_ibfk_2` FOREIGN KEY (`faculty_id`) REFERENCES `faculties` (`id`) ON DELETE CASCADE,
  CONSTRAINT `courses_ibfk_3` FOREIGN KEY (`training_id`) REFERENCES `trainings` (`id`) ON DELETE CASCADE,
  CONSTRAINT `courses_ibfk_4` FOREIGN KEY (`module_id`) REFERENCES `modules` (`id`) ON DELETE CASCADE
) ENGINE=InnoDB AUTO_INCREMENT=24 DEFAULT CHARSET=utf8;

/*Data for the table `courses` */

insert  into `courses`(`id`,`specialization_id`,`level`,`faculty_id`,`training_id`,`module_id`,`created_by`,`updated_by`,`title`,`description`,`filename`,`filepath`,`filetype`,`filesize`,`cate_course`,`cate_exercise`,`cate_exam`,`protected`,`status`,`created_at`,`updated_at`) values 
(1,1,'L1',1,1,1,1,1,'wwwwwwwww','wwwwwwwwwwwww','scripts1.zip','1/courses/ArNlgka3keQAanfU7LiBEyjqoXx7nCYcWsN1yYv6.zip',3,27459,1,1,1,NULL,1,'2021-11-27 05:18:30','2022-01-04 04:37:46'),
(2,1,'L2',1,1,1,1,1,'rrrrrrrrrrrr','','scripts2.zip','',2,0,1,1,0,NULL,0,'2021-12-03 12:39:31','2021-12-13 10:13:17'),
(3,1,'L3',1,1,1,1,1,'tttttttt','',NULL,'',1,0,1,1,1,NULL,1,'2021-12-03 12:40:11','2022-01-04 04:37:43'),
(4,1,'L1',1,1,1,1,1,'file upload example','file upload description\nfile size = 56Kb\ndesc : lin 4\nextension','scripts.zip','1/courses/w3vVWZCLarvSisU8vLKIxGx5TXUny4BkiN0xwIW1.zip',3,57189,1,1,1,NULL,1,'2021-12-10 04:28:23','2022-01-13 16:45:26'),
(5,1,'L1',1,1,1,1,1,'file upload example','file upload description\nfile size = 56Kb\ndesc : lin 4\nextension','scripts.zip','1/courses/LgYj3mG5DCTOeZfjOEi9YNHnlrqJ1B8lsl2raNsv.zip',3,57189,1,1,1,NULL,1,'2021-12-10 04:28:26','2022-01-13 16:45:26'),
(6,1,'L1',1,1,1,1,1,'file upload example','file upload description\nfile size = 56Kb\ndesc : lin 4\nextension','scripts.zip','1/courses/v02JFQNriGXbEtIAz5Lcma4LVWHldNT9beTLgYDP.zip',3,57189,1,1,1,NULL,1,'2021-12-10 04:28:38','2022-01-13 16:45:26'),
(7,1,'L1',1,1,1,1,1,'file upload example','file upload description\nfile size = 56Kb\ndesc : lin 4\nextension','scripts.zip','1/courses/8qSmB5fHevjOemlbzLpcQNoJbt3kV4lJEdwWjwUs.zip',3,57189,1,1,1,NULL,1,'2021-12-10 04:30:45','2022-01-13 16:45:26'),
(8,1,'L1',1,1,1,1,1,'new issue test','hao are you?','{CC818ADF-DC3E-48F9-B216-A168174D265C}.png','1/courses/lRhYnNVHEtNmorlDeKrnkfyMEpLmSnlqvFBN1fYi.png',2,53672,1,1,0,NULL,1,'2021-12-25 05:23:37','2022-01-13 16:45:27'),
(11,1,'L1',1,1,1,1,1,'sample course','this is a description','dzair1228.zip','1/courses/QeXFPwEnNk5GJKNUTLTH7XOm1Eg1BY45AICyzh6y.zip',3,32811,1,1,1,'e10adc3949ba59abbe56e057f20f883e',1,'2021-12-28 11:32:33','2022-01-13 16:45:27'),
(12,1,'M1',1,1,1,4,4,'title','desc','office.cfg','1/courses/YcXvKxwX34KsBGRlT5DRlgj6L34MaHm20NClUJAW.txt',1,458,1,1,1,'202cb962ac59075b964b07152d234b70',0,'2022-01-04 01:52:20','2022-01-13 16:45:27'),
(13,1,'M1',1,1,1,4,4,'sssssssss','ssssss','bootstrap.zip','1/courses/tgP4zrtHxOXGMaBbPPARKrwD3OjE7JxqdwqhYPT4.zip',3,4106,1,1,1,'',0,'2022-01-04 03:27:08','2022-01-13 16:45:28'),
(14,1,'M1',1,1,1,4,4,'ddddddddddd','ddddddddddd','bootstrap.zip','1/courses/EhjXkTwsHxKpnuNPTklOESRunPI91qo7o1hJSGto.zip',3,4106,1,1,1,'',1,'2022-01-04 03:33:14','2022-01-13 16:45:28'),
(15,1,'M1',1,1,1,4,4,'eeeee','eeeeeeeeee','bootstrap.zip','1/courses/M9aGtp1Z51h6kBdI2eLGHhAaYfaYNIkbaINwtGxV.zip',3,4106,1,1,1,'',1,'2022-01-04 04:07:05','2022-01-13 16:45:28'),
(16,1,'L3',1,1,1,4,4,'ssssssss','sssssss','bootstrap.zip','1/courses/kWpyEZsJ5uugg6YfmSRZBmVDv8MB1C5OIiXIarWx.zip',3,4106,1,1,1,'',1,'2022-01-04 04:13:39','2022-01-13 16:45:29'),
(17,1,'L1',1,1,1,4,4,'ererere','ere','bootstrap.zip','1/courses/JCjEXpfzVGvM9qNjnhLNye9f4SuLiGYeEBJV7S0Q.zip',3,4106,1,1,1,'',1,'2022-01-04 04:16:02','2022-01-13 16:45:29'),
(18,1,'L3',1,1,1,1,1,'dddddddd','ddddddd','{CC818ADF-DC3E-48F9-B216-A168174D265C}.png','1/courses/VRL739uHcOrmwa00W1EPnAFE2ilorKgGGtKJpiqa.png',2,53672,1,1,1,'',0,'2022-01-05 13:52:53','2022-01-13 16:45:29'),
(19,1,'M1',1,1,1,1,1,'ddddddd','ddddddd','{CC818ADF-DC3E-48F9-B216-A168174D265C}.png','1/courses/MVv74WtlwButLbLetuJZRZSajBRGp9xvRo6wvXmB.png',2,53672,1,1,1,'',0,'2022-01-05 13:58:36','2022-01-13 16:45:29'),
(20,1,'M1',1,1,1,1,1,'ddddddd','ddddddd','{CC818ADF-DC3E-48F9-B216-A168174D265C}.png','1/courses/5l56YOdIiwg4hadXzYVR0e7Z8RAxNVwgHvVCDx7g.png',2,53672,1,1,1,'',0,'2022-01-05 13:59:43','2022-01-13 16:45:30'),
(21,1,'M1',1,1,1,1,1,'eeeeeeeee','eeeeeeeeee','scripts1.zip','1/courses/BwKwirHajpj7vL1iuuLpHBOJ0TY18OV0E4tQpPwp.zip',3,27459,1,1,1,'',0,'2022-01-05 14:05:27','2022-01-13 16:45:30'),
(22,1,'L2',1,1,1,1,1,'rrrrr','rrrrrr','scripts1.zip','1/courses/rlMziNr077y87qTypTPphu77o3K8zy0otPEUUuy1.zip',3,27459,1,1,1,'',0,'2022-01-05 14:06:18','2022-01-13 16:45:31'),
(23,1,'L3',1,1,1,1,1,'upload test 0103','descriptions is ok\nnext line','medicine-database.sql','1/courses/1czfGxolLTWIxzaqEw0zTUnMNaJS4fTCIs0AkoSU.txt',1,32709,1,1,1,'',0,'2022-01-13 06:03:39','2022-01-13 06:03:39');

/*Table structure for table `faculties` */

DROP TABLE IF EXISTS `faculties`;

CREATE TABLE `faculties` (
  `id` int(10) unsigned NOT NULL AUTO_INCREMENT,
  `training_id` int(10) unsigned NOT NULL,
  `en` varchar(50) CHARACTER SET ascii DEFAULT NULL,
  `fr` varchar(50) DEFAULT NULL,
  `ar` varchar(50) DEFAULT NULL,
  `created_by` int(11) DEFAULT NULL,
  `updated_by` int(11) DEFAULT NULL,
  `status` tinyint(4) DEFAULT 0,
  `created_at` datetime DEFAULT current_timestamp(),
  `updated_at` timestamp NOT NULL DEFAULT current_timestamp() ON UPDATE current_timestamp(),
  PRIMARY KEY (`id`),
  KEY `training_id` (`training_id`),
  CONSTRAINT `faculties_ibfk_1` FOREIGN KEY (`training_id`) REFERENCES `trainings` (`id`)
) ENGINE=InnoDB AUTO_INCREMENT=19 DEFAULT CHARSET=utf8;

/*Data for the table `faculties` */

insert  into `faculties`(`id`,`training_id`,`en`,`fr`,`ar`,`created_by`,`updated_by`,`status`,`created_at`,`updated_at`) values 
(1,1,'Facs 01','Sciences et Technologie','علوم و تكنولوجيا',NULL,NULL,1,'2021-11-24 21:08:44','2022-01-08 04:07:49'),
(2,1,'Facs 02','Sciences de la matière','علوم المادة',NULL,NULL,1,'2021-11-24 21:08:46','2022-01-08 04:07:47'),
(3,1,'Facs 03','Mathematiques et informatique','رياضيات و إعلام آلي',NULL,NULL,1,'2021-11-24 21:08:48','2022-01-08 04:07:46'),
(4,4,'Facs 04','Sciences de la nature et de la vie','علوم الطبيعة و الحياة',NULL,NULL,1,'2021-11-24 21:08:50','2022-01-08 04:07:44'),
(5,5,'Facs 05','Sciences de la Terre et de l\'Univers','علوم الأرض و الكون',NULL,NULL,1,'2021-11-24 21:08:52','2022-01-08 04:07:43'),
(6,6,'Facs 06','Sciences Economiques, de Gestion et Comerciales','علوم إقتصادية, تسيير و علوم تجارية',NULL,NULL,1,'2021-11-24 21:08:54','2022-01-08 04:07:41'),
(7,7,'Facs 07','Droit et Sciences Politiques','حقوق و علوم سياسية',NULL,NULL,1,'2021-11-24 21:08:57','2022-01-08 04:07:39'),
(8,8,'Facs 08','Lettres et Langues Etrangeres','آداب و لغات أجنبية',NULL,NULL,1,'2021-11-24 21:08:59','2022-01-08 04:07:38'),
(9,9,'Facs 09','Sciences Humaines et Sociales','علوم إنسانية و إجتماعية',NULL,NULL,1,'2021-11-24 21:09:06','2022-01-08 04:07:36'),
(10,10,'Facs 10','Sciences et Techniques des Activités Physiques et ','علوم و تقنيات النشاطات البدنية و الرياضية',NULL,NULL,1,'2021-11-24 21:09:08','2022-01-08 04:07:34'),
(11,11,'Facs 11','Arts','فنون',NULL,NULL,1,'2021-11-24 21:09:10','2022-01-08 04:07:32'),
(12,12,'Facs 12','Langue et littératures Arabes','لغة و أدب عربي',NULL,NULL,1,'2021-11-24 21:09:11','2022-01-08 04:07:31'),
(13,13,'Facs 13','Langue et Culture Amazighes','لغة و ثقافة امازيغية',NULL,NULL,1,'2021-11-24 21:09:15','2022-01-08 04:07:29'),
(14,14,'Facs 14','Architecture, Urbanisme et Métiers de la Ville','هندسة معمارية, عمران و مهن المدينة',NULL,NULL,1,'2021-11-24 21:09:17','2022-01-08 04:07:26'),
(18,1,'new faculty','','',1,1,0,'2022-01-21 06:11:12','2022-01-21 06:11:12');

/*Table structure for table `failed_jobs` */

DROP TABLE IF EXISTS `failed_jobs`;

CREATE TABLE `failed_jobs` (
  `id` bigint(20) unsigned NOT NULL AUTO_INCREMENT,
  `uuid` varchar(255) COLLATE utf8mb4_unicode_ci NOT NULL,
  `connection` text COLLATE utf8mb4_unicode_ci NOT NULL,
  `queue` text COLLATE utf8mb4_unicode_ci NOT NULL,
  `payload` longtext COLLATE utf8mb4_unicode_ci NOT NULL,
  `exception` longtext COLLATE utf8mb4_unicode_ci NOT NULL,
  `failed_at` timestamp NOT NULL DEFAULT current_timestamp(),
  PRIMARY KEY (`id`),
  UNIQUE KEY `failed_jobs_uuid_unique` (`uuid`)
) ENGINE=InnoDB DEFAULT CHARSET=utf8mb4 COLLATE=utf8mb4_unicode_ci;

/*Data for the table `failed_jobs` */

/*Table structure for table `levels` */

DROP TABLE IF EXISTS `levels`;

CREATE TABLE `levels` (
  `id` int(10) unsigned NOT NULL AUTO_INCREMENT,
  `symbol` varchar(10) CHARACTER SET ascii NOT NULL,
  `en` varchar(50) CHARACTER SET ascii DEFAULT NULL,
  `fr` varchar(50) DEFAULT NULL,
  `ar` varchar(50) DEFAULT NULL,
  `created_at` datetime DEFAULT current_timestamp(),
  `updated_at` timestamp NOT NULL DEFAULT current_timestamp() ON UPDATE current_timestamp(),
  PRIMARY KEY (`id`),
  KEY `training_sym` (`symbol`)
) ENGINE=InnoDB AUTO_INCREMENT=15 DEFAULT CHARSET=utf8;

/*Data for the table `levels` */

insert  into `levels`(`id`,`symbol`,`en`,`fr`,`ar`,`created_at`,`updated_at`) values 
(1,'L1','L1','','','2021-11-24 21:08:44','2021-11-26 12:16:47'),
(2,'L2','L2','','','2021-11-24 21:08:46','2021-11-26 12:16:47'),
(3,'L3','L3','','','2021-11-24 21:08:48','2021-11-26 12:16:47'),
(4,'M1','M1','','','2021-11-24 21:08:50','2021-11-26 12:16:46'),
(5,'M2','M2','','','2021-11-24 21:08:52','2021-11-26 12:16:46');

/*Table structure for table `material_files` */

DROP TABLE IF EXISTS `material_files`;

CREATE TABLE `material_files` (
  `id` int(10) unsigned NOT NULL AUTO_INCREMENT,
  `material_id` int(10) unsigned NOT NULL,
  `filename` varchar(100) NOT NULL,
  `file_path` varchar(255) CHARACTER SET ascii NOT NULL,
  `preview_path` varchar(255) CHARACTER SET ascii DEFAULT NULL,
  `created_at` datetime DEFAULT current_timestamp(),
  `updated_at` timestamp NOT NULL DEFAULT current_timestamp() ON UPDATE current_timestamp(),
  PRIMARY KEY (`id`),
  KEY `material_id` (`material_id`),
  CONSTRAINT `material_files_ibfk_1` FOREIGN KEY (`material_id`) REFERENCES `courses` (`id`) ON DELETE CASCADE
) ENGINE=InnoDB DEFAULT CHARSET=utf8;

/*Data for the table `material_files` */

/*Table structure for table `messages` */

DROP TABLE IF EXISTS `messages`;

CREATE TABLE `messages` (
  `id` int(10) unsigned NOT NULL AUTO_INCREMENT,
  `from` int(10) unsigned NOT NULL,
  `to` int(10) unsigned NOT NULL,
  `title` varchar(255) NOT NULL,
  `content` text NOT NULL,
  `attached` varchar(255) DEFAULT NULL,
  `sent_at` datetime DEFAULT NULL,
  `view_at` datetime DEFAULT NULL,
  `status` tinyint(4) DEFAULT 0 COMMENT '0-create,1-sent,2-view,3-trash,4-delete',
  `created_at` datetime DEFAULT current_timestamp(),
  `updated_at` timestamp NOT NULL DEFAULT current_timestamp() ON UPDATE current_timestamp(),
  PRIMARY KEY (`id`)
) ENGINE=InnoDB DEFAULT CHARSET=utf8;

/*Data for the table `messages` */

/*Table structure for table `migrations` */

DROP TABLE IF EXISTS `migrations`;

CREATE TABLE `migrations` (
  `id` int(10) unsigned NOT NULL AUTO_INCREMENT,
  `migration` varchar(255) COLLATE utf8mb4_unicode_ci NOT NULL,
  `batch` int(11) NOT NULL,
  PRIMARY KEY (`id`)
) ENGINE=InnoDB AUTO_INCREMENT=4 DEFAULT CHARSET=utf8mb4 COLLATE=utf8mb4_unicode_ci;

/*Data for the table `migrations` */

insert  into `migrations`(`id`,`migration`,`batch`) values 
(1,'2014_10_12_000000_create_users_table',1),
(2,'2014_10_12_100000_create_password_resets_table',1),
(3,'2019_08_19_000000_create_failed_jobs_table',1);

/*Table structure for table `modules` */

DROP TABLE IF EXISTS `modules`;

CREATE TABLE `modules` (
  `id` int(10) unsigned NOT NULL AUTO_INCREMENT,
  `specialization_id` int(10) unsigned NOT NULL,
  `level` varchar(10) CHARACTER SET ascii NOT NULL DEFAULT '',
  `en` varchar(50) CHARACTER SET ascii DEFAULT NULL,
  `fr` varchar(50) DEFAULT NULL,
  `ar` varchar(50) DEFAULT NULL,
  `created_by` int(11) DEFAULT NULL,
  `updated_by` int(11) DEFAULT NULL,
  `status` tinyint(4) DEFAULT 0,
  `created_at` datetime DEFAULT current_timestamp(),
  `updated_at` timestamp NOT NULL DEFAULT current_timestamp() ON UPDATE current_timestamp(),
  PRIMARY KEY (`id`),
  KEY `level_id` (`level`),
  KEY `spec_idx` (`specialization_id`),
  CONSTRAINT `spec_forign_key` FOREIGN KEY (`specialization_id`) REFERENCES `specializations` (`id`) ON DELETE CASCADE
) ENGINE=InnoDB AUTO_INCREMENT=22 DEFAULT CHARSET=utf8;

/*Data for the table `modules` */

insert  into `modules`(`id`,`specialization_id`,`level`,`en`,`fr`,`ar`,`created_by`,`updated_by`,`status`,`created_at`,`updated_at`) values 
(1,1,'L3','mechanical engineering','Sciences et Technologie','علوم و تكنولوجيا',NULL,NULL,1,'2021-11-24 21:08:44','2022-01-12 17:12:26'),
(2,1,'L3','subject 02','Sciences de la matière','علوم المادة',NULL,NULL,1,'2021-11-24 21:08:46','2022-01-12 17:12:26'),
(3,1,'L3','subject 03','Mathematiques et informatique','رياضيات و إعلام آلي',NULL,NULL,1,'2021-11-24 21:08:48','2022-01-12 17:12:27'),
(4,4,'L3','course 04','Sciences de la nature et de la vie','علوم الطبيعة و الحياة',NULL,NULL,1,'2021-11-24 21:08:50','2022-01-12 17:12:27'),
(5,5,'L3','course 05','Sciences de la Terre et de l\'Univers','علوم الأرض و الكون',NULL,NULL,1,'2021-11-24 21:08:52','2022-01-12 17:12:28'),
(6,6,'L3','course 06','Sciences Economiques, de Gestion et Comerciales','علوم إقتصادية, تسيير و علوم تجارية',NULL,NULL,1,'2021-11-24 21:08:54','2022-01-12 17:12:28'),
(7,7,'L3','course 07','Droit et Sciences Politiques','حقوق و علوم سياسية',NULL,NULL,-1,'2021-11-24 21:08:57','2022-01-12 17:12:29'),
(8,8,'L3','course 08','Lettres et Langues Etrangeres','آداب و لغات أجنبية',NULL,NULL,1,'2021-11-24 21:08:59','2022-01-12 17:12:29'),
(9,9,'L3','course 09','Sciences Humaines et Sociales','علوم إنسانية و إجتماعية',NULL,NULL,1,'2021-11-24 21:09:06','2022-01-12 17:12:30'),
(10,10,'L3','course 10','Sciences et Techniques des Activités Physiques et ','علوم و تقنيات النشاطات البدنية و الرياضية',NULL,NULL,1,'2021-11-24 21:09:08','2022-01-12 17:12:30'),
(11,11,'L3','course 11','Arts','فنون',NULL,NULL,1,'2021-11-24 21:09:10','2022-01-12 17:12:30'),
(12,12,'L3','course 12','Langue et littératures Arabes','لغة و أدب عربي',NULL,NULL,1,'2021-11-24 21:09:11','2022-01-12 17:12:31'),
(13,13,'L3','course 13','Langue et Culture Amazighes','لغة و ثقافة امازيغية',NULL,NULL,1,'2021-11-24 21:09:15','2022-01-12 17:12:31'),
(14,14,'L3','course 14','Architecture, Urbanisme et Métiers de la Ville','هندسة معمارية, عمران و مهن المدينة',NULL,NULL,1,'2021-11-24 21:09:17','2022-01-12 17:12:32'),
(17,16,'L3','subj 01 new','subj 01 new','',NULL,NULL,-1,'2021-12-28 04:22:39','2022-01-13 16:40:44'),
(18,1,'L3','subject 04','','',NULL,NULL,-1,'2021-12-28 09:57:32','2022-01-13 16:40:48'),
(19,1,'L3','level3 module -1','','',1,1,0,'2022-01-12 08:02:30','2022-01-12 08:02:30'),
(21,1,'L1','module -2','','',1,1,0,'2022-01-12 08:34:20','2022-01-12 08:34:20');

/*Table structure for table `option` */

DROP TABLE IF EXISTS `option`;

CREATE TABLE `option` (
  `id` int(11) NOT NULL AUTO_INCREMENT,
  `option` varchar(100) COLLATE utf8_persian_ci NOT NULL,
  `value` longtext COLLATE utf8_persian_ci DEFAULT NULL,
  `mode` varchar(20) COLLATE utf8_persian_ci DEFAULT NULL,
  PRIMARY KEY (`id`)
) ENGINE=InnoDB AUTO_INCREMENT=145 DEFAULT CHARSET=utf8 COLLATE=utf8_persian_ci;

/*Data for the table `option` */

insert  into `option`(`id`,`option`,`value`,`mode`) values 
(5,'site_email','mail@prodevelopers.eu',''),
(6,'site_title','Proacademy',''),
(7,'blog_comment','0',NULL),
(8,'blog_post_count','6',NULL),
(10,'main_page_popular_container','1',NULL),
(11,'category_content_count','12',NULL),
(12,'main_page_newest_container','1',NULL),
(13,'category_most_sell_container','1',NULL),
(15,'main_page_blog_post_count','2',NULL),
(16,'video_watermark','/bin/admin/mobile%20app%20icon/business%20(4).png',NULL),
(17,'content_terms','<p>Lorem ipsum dolor sit amet, consectetuer adipiscing elit, sed diam nonummy nibh euismod tincidunt ut laoreet dolore magna aliquam erat volutpat. Ut wisi enim ad minim veniam, quis nostrud exerci tation ullamcorper suscipit lobortis nisl ut aliquip ex ea commodo consequat. Duis autem vel eum iriure dolor in hendrerit in vulputate velit esse molestie consequat, vel illum dolore eu feugiat nulla facilisis at vero eros et accumsan et iusto odio dignissim qui blandit praesent luptatum zzril delenit augue duis dolore te feugait nulla facilisi.</p>',NULL),
(18,'chart_day_count','15',NULL),
(20,'site_income','50',NULL),
(21,'user_register_mode','deactive',NULL),
(22,'user_register_active_email','11',NULL),
(23,'user_register_wellcome_email','12',NULL),
(24,'site_withdraw_price','25000',NULL),
(25,'factor_watermark','/bin/admin/images/logo/logo-small.png',NULL),
(26,'factor_seconder','John',NULL),
(27,'factor_approver','Albert',NULL),
(28,'site_disable','0',NULL),
(29,'site_popup','0',NULL),
(30,'popup_image',NULL,NULL),
(31,'popup_url','/jhghj',NULL),
(32,'main_page_slider_content','17,18,19,20',NULL),
(33,'multiselect','22',NULL),
(34,'main_page_slider_timer','9000',NULL),
(35,'footer_col1_title','About Proacademy',NULL),
(36,'footer_col1_content','<p style=\"text-align:left\">Pro Academy is very professional learning & teaching platform. You can simply upload your courses & learn from professional educators online. Pro Academy has many built-in features that can resolve all your needs.<br></p>',NULL),
(37,'footer_col2_title','Links',NULL),
(38,'footer_col2_content','<ul><li style=\"text-align: justify;\">About Us</li><li style=\"text-align: justify;\">Contact Us</li><li style=\"text-align: justify;\">Terms &amp; Rules</li><li style=\"text-align: justify;\">FAQ</li><li style=\"text-align: justify;\">Knowledgebase</li><li style=\"text-align: justify;\">Vendors Panel</li><li style=\"text-align: justify;\">Start Learning</li></ul>',NULL),
(39,'footer_col3_title','Payment Gateways',NULL),
(40,'footer_col3_content','<p style=\"text-align: left;\"><img src=\"data:image/png;base64,iVBORw0KGgoAAAANSUhEUgAAAIAAAACACAYAAADDPmHLAAAABHNCSVQICAgIfAhkiAAAAAlwSFlzAAADxgAAA8YBg9o/AQAAABl0RVh0U29mdHdhcmUAd3d3Lmlua3NjYXBlLm9yZ5vuPBoAABMgSURBVHic7Z17fF1Vlce/65x7kya5acu7tBRboCW3rYia3vKqpqgMMz54jAk4OspD60hSdWYch1E/VmZ0dJDR+UDa8cPHj8IwYGkABVSUmU9bFSpJWwT6SGtBHjIVKKWP9OZ17zlr/khSknv3ucl9nnNv8v2r3WfvfX45Z9219l5nn31EVZli8mL5LWAKfwn5LSAborH2CBDxWYYDHOjuanN91lEQpBxCQDTWvgD4JvBBoMpnOQBJYB/wIvAocF93V9tufyXlRrkYwAZghd86xuEZ4IvdXW2/9FtINgTeAKKx9guBx/zWkQUPAp/t7mp7yW8hE6EcBoGNfgvIksuAzmis/W1+C5kI5WAA5/gtIAdmAb+KxtqX+y1kPMrBAMril2RgBvBQNNZ+mt9CMhFoA4jG2m1gsd868mAm8INorF38FuJFoA0AWAhM81tEnrwP+JTfIrwIugGUq/tP5R+C6gWmDKA0nAVc4rcIE0E3gHKcAXhxvd8CTATdACrFAwAs9VuAicBmAqOx9hOA1/3WUWBmdne1HfZbxGiC7AEqyf2P0OC3gFSCbACV5P5HCJy7DbIBVKIH6PVbQCpBNoBK9ABxvwWkEshBYDTWHgKOAtV+aykYIvrsqo9+Rauru514zSN6Df1+S4LgeoCFVNLNBxLTI6JV4W+g7gN2bfzV0L3xH8oD/W/xW1dQDaDi3H/iuOmj/zsd4Ro76TwV6jj6Yb80QXANoOIGgINjDWCEmah02Ovjf19qPSME1QAq3QOMQeBb4Y6ei0oo5xhTBlAiEjO9DQAIqVrrpOPoSaXSM0LgDGA4BTzbbx2FxiMEjGaOjfW9UmgZTeAMgAr89atlkZwxgfdZVC+Xjv7Ti6/oTaYMoAQkp0dQa0KX2gpp8rpi6xlzwlKebIJU3gzg+HHd/zEUuU5uKt19CaIBVJwH6D81q7Hd3PDZvSW7BoEygOEU8CK/dRSavrmzsqrvWpQsQxgoAwDOpsJSwGrb2XoAFLdkA8GgGUDluf/ZJ6G2nVUbS2XSeoCKGwAeWbIg+0ZSun0bgmYAFeUBnLoaehrOyLqdiz5XBDlGpgygiBx6exS1s7/EgvVsEeQYCYwBRGPtJwKn+q2jULjVVRx+29k5tXXUmXwGQIX9+vc3xXBqcnmtUY5ySv0fCi7IgyAZQMUMAHvnz+HIW3MY/AGgj2kTyYIKykCQDKAiPIBbXcWrl1yYc3uFTYVTMz5TBlBANBxi3xXvIVlfl3MftmttKpyi8QmEAVRCClhDNvuueC99p2WX9k2hJzGrZluhNE2EoGwU2UAw9v/LCQ2H2HfZxfSenuckRihp/IfgGEDZuv+BE4/jlQ82MXjCzLz7Ui1t/IfgGEBZzgAOn9vA/qYYGsou1++FLaWN/xAcAygrD9A3dxYHzj+Xvnxd/liOJCht/IfgGEBZeIDeeXN44/y30TfnlGJ0/7A24xSj40z4bgDRWPtJBDQF7E6rovctc4jPn0Pv/Dkk62qLdzKR9cXr3BvfDYASuP/e+XPoHW96JoJbFcaJ1JKsqyFZV0uyvhakJJt7HXIitb5sMh0EAyi6+z/4zsX0zptT7NPkjIrcon/OgB/nDkIiqKgeQC2L/uLE7EKxz62p/a5fJ694AxiYdSJuOAiOzgPhRv2AfzuH+GoA0Vh7GIgW8xy9Wa7ILTF3Jpvr7vJTgN8/jaKngLNdkl0qVHjGpe4zfuvw2wCKOgAMavxX2O7acqleSZ/fWvweAxQ3/p9yQgDjvzzuViXepVfW/slvJVDhBlDgVG2+OAK3OL2179XLZx7yW8wIfv88ihoCgjIAVOEZ27FWDl5d0+m3llR8M4BorP1khr6tUxSG4v/Jxep+omxA5Ra3pfYXTgB3CQV/PUAJ4n+4mKdI5bAor6nQhchGB2uDNk97vpQCcsFPAyiq+89n+ueoLsKSgxOrrQ4HI4d0JYmcT+gjFesBeufmNgAU2KVXRboLLCew+DkLKJoHUMui/7Tc4r8imwqrJtj4YgDFTgHnFf/V3VRQMQHHLw8QpYgp4LzifxW/KqCUwOOXAQRyAKjCTr0i8lqB5QQavwygeANAkZzX7IlOrvgPFWgA/bNOxK3KMf7L5Ir/4J8BFC1Fl0f8V4fJFf/BPwMo2vr3+Bm5faxbhV3aHNlfYDmBxy8D+BFwpNCd9jTMz/nlzMkY/8HHbwZFY+2nAf9CDu8EODXTZg6ccsKykf+71WHiZ8zl6MJ5eTz/1w8nWyL359i4bAnkR6PGw+6I3yjKNwvYpTqOe7J+pL7SvlQ6Ln4vCMkJUZoK2Z/Czsl486EMDUA2EQLJfQ8WU5+TNP5DGRpA+NW+RtAJfH0hCybh/H+EsjMAx3KbCtylOo5Ouvn/CGVnAEWI/zsma/yHMjOAosT/Sfb8P5WyMoDwK73nFjz+T7Ln/6mUlQEkxC3017fVqZq88R/KzAA4HHkWCriNmsiP9Yr6AwXrrwwpKwPQlSREeT9QiIc2zzs2bQXop6wpy1SwPNB7qp3Qi7HI6cG/qLs32VK/WQP6skYpKUsDmKJwlFUImKLwTBnAJGfKACY5UwYwyfFcPrNkyU1VyZrjPyYiLWR4jVvR1y2xnkR1W08o8dAfN/+t79ueFBO55/BxVih0nSCXK1rvUU1FeFlUt6lYW5zm2p8HYcYRXtezHMu6TNEzBb0l0VL/uOcsYNHS9q+r8OUsz7EXkU90d7b+Nn+5wSTUEX8Y5QNZNvu1Ewpdq1dWl+xjUKnI/UcW2I69FRj5lHkS5NNGA3hrbO3cJO4fyO3tYVfhk7u72n6Yh95AEu6IX6rKIzk2j4vrXpK4un5zQUVNkND6+AZgxZhC4VHjGCCJ8x5yf3XcEuHWhmXt83NsH1xcLs2jdZ1a9p3yU4q447QZ6dgfAZanHVA5w2MQKE15nVGJiMv38uojgLiS71oEPSvUG19dEDFZENLaCzH+oPV5swHk/YcCwsVzL/huTd79BATpOHK8FOClVld4fyH0ZIXHIhpFNqVZRfT8/5iHhgyfL5cXurta09z6ksZbT3cs6xHSv/oVmj5YdQ4QuJ2xcsHW0LtA0/eOF30w2Ry5PLW4qqMv5qr7CHD82Oo0yF3U6V9T6EfbnqhoE6RLt1xnU7oHcOwmj242mkp3bP3sS4j8xNjCdnP7eG4AEdUmU7mqGNcTDDbXdAFPGA7ZVaH4mQWUlpGh+C+NhkPx5JH6LekGoLLCUBkR3eR5EtXTTeUqvDJBnYHHtTBeF9v1XlKmYLwug9O0ZNfFO/6zWVeSSDcAj/hvq230AAAuvNt4cteuiM2WpOPI8aK81XDoUGJP7dPGNj/qOVFgseHQgZJuQpEh/kNKKnh46pZmtQLPbe+64Y+mjqLL1iwUmGs49LxXm3LDJvxuTEFUeExX4xrb2HKxsQ366wLLy8hQ/E/Hcp1NkOoaPK2F7iWxteemljvqzlThn81f1THHRoCGd7TPDoWsMXsEDFjO63ufWPWyqf78FXdMe37jNf1e/c294Ls1Z1UfSWzcuDqr5WINF91cv+fxvrjqauNNHEHUbTLmS1Wer+qIp10XV2W2qHzdMGRExXxdBISO/nlhnBlvdoQmLN1nem1dOrABW5sZ9NTdsT9iU2uK/73JI/VbIGVBSHRp+50IH/fqMCtEPtjd2frTkf82nHfrCnGsGxGWAsd5tNoPuk3Euj+RcB8MhfgZyGJgQITrdnW2jRlsLlq65n2Kewsii0CextVru7e2bR9PWsNFN9dbg3VfVPgcaD/wk1l1B27wMiC7I/60aEH2NXId1z5Tr572AgzddLsj/hHgsyhLAK+vTr8Eug2s71vKKyp6j8J8kJcs5arBq2qfNDUKr4//mcIvDIf+J9lSdwmkGkCs/UU8Bi5Zsnv3lrZFquiZjbfPqLIG1oFkm0XbD5w0usB1reV7tt7wGMA5y//zuMSAswOYParKgIW8c2dX606vThsbbw/HrcFHIdXbyae7u1pvT60vP+45wU5Y+zG682zRHydbIlfCUG7ecu37sjYs1SOITB9VMuiIc6o2T38jtWr43vg3VbgxrQvky05L7b/CqDFAwzvaZ1OYm++q8o+q6PwVd0yrsgYfzOHmQ8rNB7At99jFSvQ7FzP25gNUu+gd0tLh+S3XuDW4hrSbD6CfNtW3E/YyCnLz5ailchOArOudbTv2ozl5lbE3H6Aq5EiDqaqKGgfnI/EfRhmAhAvzypXAqt1b2h4CqIn3fAePGUIuuKMeSydVn/Ko1tjwwmtfNB1YtHTN54FPGVspj5uKveb/WTIg6BWDV9U9DWBb7n3AvAL0C4CKpD2ul7uoA1lqqH4s/sPoWUD+79ztFNEP7OpqWwsQXbbmBEWuybPPMYhI18i/925d9Rywy1xTVy8577YxmcmG2NpLVfQWj65dS+VuY0/5p8U3WCoXJFrq/hcgvK7nApDz8+xzDE7Y7kotC1XFM87/j9U7ViysMC9ZkLtBzaNrkX5x2S3C9l3zTt6k65uPfftW0OsVPJ4FyDbQHWOKlFMRLjHXB8AZdMK/GV3gql5riWwGUl1+tevKD6Wl4wJd3+wsPH9t1MZdZ6g3/GfIl3ZubU1LWcvdb0y3w9XvMDTpAR7wlipHFHbZIk8OZwSPoZbl9S6Ci7ARZexMSFiMYhrJj1R4Tq+sSZ89eRiuytjEVQjg7Au+N8dSzjJ08mJ3Z+vHvE/ujSp/YTwg3NTd2fo106GGZe3N4uo6RAwPqeSp57auPDy6ZM+WVV3RWPu3wTTQIRZ98bUvRJet+X5I9WGFGal1hiv+166u1n8zHbKrpi1HNd1oRDckmyPXGPvLgNyEZUe9HinLXyaba9NS6gJire/9qqBfMzZTc4ZW8cj/65vxH4ZDgCQTTebOMXY+HiIIEDMc6uuvjXzLq93uzrYORDxe1VLj1nLJg/o1PEKBqt6kqj9X8Mi9y+bkIV3ppccz/58h/ZuRRT0LMEyBFZ5KtqTf/OFj6krtzYjHkjIrfW/D4fhvnv8fqh/jkYZ+aR75f81x48TFS9eegtn9b8mU0BmjKZUhV5/G3r2rBlzVa8H46fVqMRsiwEuJsH3F3r2rPL/Zq6kraIaxPR4AjUcIy7hIxoKM2UFtpg81G4BjW2kp+uH4b3pranPqhy0sAMtroCO5eQA3qdUeh473KAeGMn4gxjq9fdZDXu32bFnVBXx74gqJu6Ifevbxv/HMyUvHwRnA2w2HPPP/46GuGK+LjnNdpCN+KeYfxmA+8R/AWnDebaeZXKTCH3d3tuX0zZtdT7a+CKQlJoCF0dhtntPCaUfj3zA+c0fjLz7zmYyfcMkUClI7E+FjezpXZbyJtlu9HPNF/41X/n88HMv6ncehJrm3Z6GnFtWvmsoFXjCVD8X/dFLjP0Ao7FgrVAzeJcPj3wnyJPDelLIqkA3R2JofCTpmWxZVoob6w1jj/uL27l01cPbS27xmBaOQL+/qbDXG2zG10BUmn6s5ekUAbZ72Umh9PC3DCZxmi70tdO/RewR5c1m9IArngRjDmKo+mqb7Lurs6onFf4AQFk3G6OLm/ocOKeEh1HhDLdCPpp0yQ65NdGLrCy3Lek5VewRmmiXx37u6Wie0waQrNJkkZXr+P0EeBq5LL9YIIiuzeXnA0eS/p5aFquIX6gTjP4CFmtOFjua3c/burgNrRPSxfPoYRgc07Bn/R2hsvD2M6n1eNx94InFQPzmRE8rdb0wXSHvKBxxO7K71ykBOCCeZ/ALwf/n0MczrevXMF9KL9V2myqb4D2ApmPbceXk405YzqqtdR0OfQDiaTz/A71Ln/ya8c/xD45mQ5VyeacQ/BntaBPPz/5zj/zEtfzXjoMD15P2mkHkZHohxDyVT/B8qR+9ILVTVW3MX9iZ7uj7zB5B3Arm/KSQyrpaMOX6Ih7A+tP2Jz7060VPq1bX7gPT4qrRPtI9MJFrqfimiK1DN9U0hxxJzWLTQ76cVCluTUm9an4hFUm5V5ScMzaMdgY4982d9J0dhaXR3tv5+95YDF4nydwidQKZfoTvkMUSBQRH5QXdn652Z+h8nx6+gH9/RdUPWbttS+RLISAjrE7g50VL3y2z78SLRHPmVMxg5R+Bmhe2Y8xhDCEmQEU/ao8I/DTbXGhNjA1dFdqjIV4DXAUTZaye5XpvN/R9bD7Ck8dbT+6ur+jPNjQtBY+Pt4Xio/xx1Q2NGwmIl99clp3Vv3bqyd0HjbWfW1ITeeOY3mad+C89fG7Ud97d4pHlV+MruzrZv5KNX7u9pwO1/WZtPyjeUZT7PXdSFqnvORaw3XzhV1HL05cGeyO91JYnqe48uGeyLPKvXMF4yDXmE6qojRxcMXBXZkbFeOW8RE421bweWeBy+p7ur7aOl1FOOlO3+AIsb1yzD4+YLdPXXRa4vsaSypGwNwLXcOR6HXsZNXj6BZw5TUMYGMKvujYdIn0/3iiuX7dr6+T/5oakcKVsD2LhxddJ1ratRfga4wE6x9D27trYaV8hOYaasB4EjLFhwW/WEkzxTjKEiDGCK3CnbEDBFYfh/s8d2smdx2SkAAAAASUVORK5CYII=\" data-filename=\"paypal.png\" style=\"width: 128px;\"><br></p>',NULL),
(41,'footer_col4_title','Guaranty',NULL),
(42,'footer_col4_content','<p><img src=\"data:image/png;base64,iVBORw0KGgoAAAANSUhEUgAAAIAAAACACAYAAADDPmHLAAAABHNCSVQICAgIfAhkiAAAAAlwSFlzAAADPAAAAzwB2YAMSQAAABl0RVh0U29mdHdhcmUAd3d3Lmlua3NjYXBlLm9yZ5vuPBoAAA6VSURBVHic7Z19cBzlfcc/z+lOki1Z4iRbWLKNUbKWqXFsiPHgQmMPS9sppUFOWkiaCfU0HWbaMjAOLcQFWupCjTEpUHuSadMCJWQKMUmQIZTJtGxiOnVNDCW8VIC0QQgbyT29nPVmnXQnPf1jZeawdSfd7rP37N3pM+Px2NLz+/32eb777PP+CCklpYi0zauBv5r5598Iw3pJZzy6EKUmAGmb1wB/CfzqWT86giOEn+Q/Kn2UjACkbV6HU/CXzfGrPwfuFYb1Y/+j0k9RC0DapgC+CNwNXJJj8teBe4E2YVhFm0lFKQBpmyHgBpyCv9ijubdwhPBDYVjTXmMLGkUlAGmbZcBXgLuAtYrNtwN/CzxdTEIoCgFI24wANwJ3Ap/22V0HjhD+VRhWymdfvlPQApC2WQ58DdgFrM6z+18C9wPfFYaVzLNvZRSkAKRtVgI3AXcAKzWH040jhMeFYU1qjiVnCkoA0jYXA38M3A4s1xzO2ZwAHgD+WRhWQncw86UgBCBtsxq4GfgzYJnmcOaiF9gH/KMwrHHdwcxFoAUgbbMWuAX4OlCnOZxciQHfBL4tDGtMdzCZCKQApG3WATuBW4FazeF4pR94GDggDGtEdzBnEygBSNtcilPN3wws0RyOauLAI8B+YVindAdzhkAIQNrmcuDPcRp4VZrD8Zsh4ADwsDCsQd3BaBWAtM0VOF25m4BF2gLRwwjwLeAhYVh9uoLQIgBpmxfgDN58DajIewDBYgz4B+BBYVj/l2/neRWAtM1PAX8B7AAieXNcGIwD3wH2CcPqyZfTvAhA2mYLzgTNV4Cw7w4LmwngUWCvMKzjfjvzVQDSNtfhTMl+CQj55qg4mQT+BbhfGNYHfjnxRQDSNjfiFPzvAkK5g9IiBTwJ7BGGZas2rlQA0jY34Sy7uo6FglfNFPAUcJ8wrPdUGVUiAGmbW3AK/rc9G1tgLqaBgzhC+F+vxjwJQNrm53CWVv+610AWyBkJ/AhnAesbbo24EoC0TROn4Le5dbyAMiTwHI4QXss1sVsBJFgYwAkaCWFYOY+mLnTNigdXje4FAZQ4CwIocRYEUOIU/bh8LFXLkbEWepJRelNRepNRepJRepJ19KSiADSF4zRFBmmKxGmMxGkMx2mKxLmiqoOG8JDmJ/CXohRAx0QjbUObeW54M0fH1jA9R/uoP7WENxMXnPP/ISRbqjpprTlGa+0xWip6/QpZG0XTDWxPrOTJ+FYODV3GuxMrfPFxUcVHtNa+yo3Rl1lXecIXHx6YEIZVmWuighfAiWQ995y8gScGt835pqsihGRH3WF2Lz/IyshAXnzOg9ISQHyqigdi29nfdw0JqWdtSaVIcuuyF/lGQxvRMu0rv0tDAElZxiN917I3tp34VDDWj0bLxtjV0MbOZS8QEVO6wih+AfSnlnB9920cHl2Xb9fzYlt1O8+sfoilYS3L/10JoGDGAd5OrOLyzj2BLXyAw6PruLxzD28nVukOZd4UhACeH97ElZ330jXZoDuUOemabODKznt5fniT7lDmReAFsDe2nS903c7IdOFsGxiZXsQXum5nb2y77lDmJNADQXtj27mz9/d1h+GKacTHse9qaNMcTWYCWwM8P7yJu3u/rDsMz9zd++VAfw4CKYC3E6v4avcteRvY8ZNpBF/tviWwDcPACaA/tYTWrjsK6ps/FyPTi2jtuoP+VPA2PAdKAElZxvXdtxVEaz9XuiYbuL77NpKyTHconyBQAnik79pA9/O9cnh0HY/0Xas7jE8QGAHEp6oKotvklSANYUOABPBAwDLGL85MYgWFQAjgRLKe/X3X6A4jb+zvu4YTyXrdYQABEcA9J2/QNqWrg4SMcM/JG3SHAQRAAO2JlTwxWHobjJ4Y3EZ7QvchpwEQwJPxrYU74BOdgFp3xwRPI3gyvlVxQLmjXQCHhua6wCOANCTg12Lw2UG4rN/5O5z7CfJBeHatAuiYaPRtAadvrDgN6+NQkbbyJzoBy3M/FfbdiRV0TDQqDC53tArg0NBmne5z58JRuGho9l14SydcmWzTnAd6BTBcQAJoGYZPZ1nq1ZfzaiwAntOcB9oEEEvVcnRsjS738yck4eJTsCrLqt/xMuhd7Mr80bE1xFL6jkPWJoAjYy3Bb/2HJGyIZ/++j4bh1Xrn4BYXTCM4MtbiLrECtK0I6klGvRspk05j7LQPjxGZho2D2bt5p8rhjSikvL1HSvLCJdoE0Jvy8NAC+JVTcH7CeUsHKqCzBsYUPU7FFFw6CFVZ7oTqr4S3zoNp77WYp7zwiLZPQK8X1S9NQOO4U/gA9RPw2QFYrGBTxuIUXDaQvfB7F8GbagofPOaFR7QJwFO1N9s3uXwaLh2Acg8iqEnCpgGozGLjw2poPw+kuvaLzk+ARgF4uAEmnmFTUuWUMyoXcdEiq5t0apHyLGntGuhUv6zLU154RJ8AvHz3YpWZG15VKafxFsphy1tDwklTliGNFPBOLXT7s17BU154RPtcgCsmQ/CLaOZvcG3S6b7NRwQrx5yh3Uy/Ow28FYUed/38oKNNAE3huDcDQ+VOQyzTt7h+AtbNcbzLhaOwdjjzAWupELxeD33+7oP1nBce0CeAiILrcgYqoT3LKNr547A2gwjWzjG0OxmC1+qdvr7PKMkLl2gbB2iKKFL9yUVOo69lePafrzztFGbXTOMtJJ2a4fwso3vjZc6bP56fJdzK8sIF2gTQqPKhj1dBREJzhjf6U6OQLHP67xviUJdl5m407BT+ZP4qR6V5kSP6BKD6u/d+tTMGsOL07D9vGXImdBZnGeBRNLSbK8rzIgcK/xOQznu1EJazV++C7IXfX+m09l1O6nhB5ydAWyPwiqoOQii+rkbiNAoHcmy195wZ2lUbznwIIbmiqiP/jj/27w7PJdcQHmJLVadXM+cyLZw3eWiey8y7q+AdtUO7ubClqlPVaaSuysStAJRE3FpzTIWZc5kS8EYdjM0hArvG+aOR69TlgasycSsAJVedttb6JACAZAhej0Jilq6cFM6Ejk9Du7mwXV0e9LtJ5FYArpydTUtFLxdVfKTC1OxMlMHrdZ+cPJooc773vfrPH7io4iOV5w+7KhO3vQAlAgBorX2Vd2M+Lg0/HYb/qYPqlLPQY7BCQQtGDa21r6o056pWdlsDKLvA8Mboy+p7A7MxGnZ6BwEp/BCSG6MvqzT5S3dxuOO/XaY7h3WVJ9hRd1iVuYJhR91h1SeOH3WTyK0AXDnLxO7lB6kU7vbYFSKVIsnu5QdVm82fAIRhxYD33aSdjZWRAW5d9qIqc4Hn1mUvqj5m/gNhWCfdJPQyEvhfHtKeQ0COXPedaNkY31B/cKTrsvAigB95SHsOZ45cL3Z2+SP0Z90m9CKAF4EMk/Du2LnsBbZVt6s0GSi2Vbezc9kLqs2OAK6NuhaAMKwJQOkrGxFTPLP6IZrLYyrNBoLm8hjPrH7IjwslDgnDSrhN7HU28GmP6c9haXiEQ837WBLKfb99UFkSGudQ8z6/LpL4vpfEXgXw78CHHm2cw/rK43xv9YH8DBD5TAjJ91YfYH3lcT/MfwT8xIsBTwIQhpUCvunFRiY+X/Ma9zUqr2Dyzn2NT/P5mpxvdZ8vfycMy9MAiooFIY+iaHbwbHY1tLGn8amCrAlCSPY0PuVnz2YQ+I5XI54FIAzrNLDfq51M7Gpo49nmBwuqTbAkNM6zzQ/63a3dLwzLc3/S1a1hZyNt8zzgA8C3oy7eTqyiteuOwJ8k3lwe41DzPr+++WcYAS4UhuV5Q4GSNYHCsE4B96iwlYn1lcd5Zc2dgR4n2Fbdzitr7vS78AF2qyh8UFQDAEjbDAO/AC5WYjADCxdH8g6w0Wvj7wzKBAAgbdMEXlJmMAslfHXsbwjD+g9VxpQKAEDa5jPA7yk1moUSuzz6B8Kwrldp0A8BLMP5FDQpNTwHJXB9fA9wiTAspV1u5QIAkLa5FbAALRfkdEw00ja0meeGN3N0bI3rmiGEZEtVJ601x2itPaZyAWeuTANXC8P6mWrDvggAQNrmXcB9vhjPgViqliNjLfQko/SmovQmo/Qko/Qk6z4+maMpHKcpMkhTJE5jJE5jOE5TJM4VVR2qNm145a+FYe32w7CfAhDAvwG/5YuD0uEl4DeFYfmycc03AQBI26zGmTDa4puT4uY1wBSGpXTdRTq+CgA+HiX8GbDRV0fFRzuwVRiWr90M3wUAIG2zAfhPQN+huIXF+8DnhGH1+O0oL9vDZ1YRbwOO5MNfgfNznDff98KHPJ4PMLNs+Srgn/LlswB5HKfwfdww+Uny8gk4G2mbfwL8PVA6d8VlJwl8XRjWt/LtWIsAAKRtbgS+C2zQEkBweBP4A2FYb+hwru2ImJkH3gzcD/g+hRZApnCefbOuwgeNNUA60ja3AE9QOr2EDmCHMCyleyzdEIizgmcy4lLgAIHZwO0LEucZLw1C4UNAaoB0ZtYUPA5coDsWxXwI/KEwLEt3IOkEogZIZyaDPgM8pjsWhTwGfCZohQ8BrAHSkbb5OzjjBst1x+KSk8BNwrB+rDuQTASuBkhnJuPWA8pPU8gDB4H1QS58CHgNkI60zS8B3wb03a8yPwaBPxWG5WnPXr4oGAEASNtsxPkkXKs7lgy8gFPla1s6lCsFJYAzSNv8I+BhQP0NTu4YwRnKfVR3ILlSkAIAkLa5Gqe7eJXmUH6K073r1hyHKwLdCMzGTIZfDewEdGwcHJ/xfXWhFj4UcA2QjrTNtThDyZfnyeUrOEO57+XJn28UbA2QzkxBXAncBUz66GpyxseVxVD4UCQ1QDo+TjNrnbb1i6KoAdLxYZo5ENO2flF0NUA6CqaZAzNt6xdFVwOkM1Nwl+CcYJKL0uVMmkuKufChyGuAdKRtXoUzbrB6jl/txunX/9T/qPRT1DVAOjMFuoHs08yPARtKpfChhGqAdGaZZg78tK1flKQAAKRt1gNnlmHf7PcWrKDy/y7gNfrCWJjUAAAAAElFTkSuQmCC\" data-filename=\"shield (1).png\" style=\"width: 128px;\"><br></p>',NULL),
(43,'site_logo','/bin/admin/images/logo/main-logo.png',NULL),
(44,'site_logo_type','/bin/admin/images/logo/logotype.png',NULL),
(45,'request_page_icon','/bin/admin/request icon/programming.jpg',NULL),
(46,'request_term','<p>Before send your request, read term and rules.</p><p>Lorem ipsum dolor sit amet, consectetuer adipiscing elit, sed diam nonummy nibh euismod tincidunt ut laoreet dolore magna aliquam erat volutpat. Ut wisi enim ad minim veniam, quis nostrud exerci tation ullamcorper suscipit lobortis nisl ut aliquip ex ea commodo consequat. Duis autem vel eum iriure dolor in hendrerit in vulputate velit esse molestie consequat, vel illum dolore eu feugiat nulla facilisis at vero eros et accumsan et iusto odio dignissim qui blandit praesent luptatum zzril delenit augue duis dolore te feugait nulla facilisi.<br></p>',NULL),
(47,'site_videoads','0',NULL),
(48,'site_videoads_source','https://www.youtube.com/watch?v=F4dxophs_o0',NULL),
(49,'site_videoads_poster','/bin/admin/files/cmsdef/preroll-ads-cover.jpg',NULL),
(50,'site_videoads_url','',NULL),
(51,'site_videoads_time','7',NULL),
(52,'seller_not_apply','Dear user, your financial & identity information not verified. It can cause a delay in the payout process.',NULL),
(53,'notification_template_change_group','7',NULL),
(54,'notification_template_get_medal','8',NULL),
(55,'notification_template_delete_medal','26',NULL),
(56,'notification_template_content_pre_publish','10',NULL),
(57,'notification_template_content_publish','11',NULL),
(58,'notification_template_content_change','11',NULL),
(59,'notification_template_content_delete','13',NULL),
(60,'notification_template_content_comment_new','14',NULL),
(61,'notification_template_content_support_new','24',NULL),
(62,'notification_template_request_get','16',NULL),
(63,'notification_template_request_publish','17',NULL),
(64,'notification_template_request_draft','18',NULL),
(65,'notification_template_request_req','19',NULL),
(66,'notification_template_request_follow','20',NULL),
(67,'notification_template_ticket_new','21',NULL),
(68,'notification_template_ticket_reply','22',NULL),
(69,'notification_template_withdraw_new','7',NULL),
(70,'notification_template_withdraw_pay','24',NULL),
(71,'notification_template_buy_new','25',NULL),
(72,'notification_template_sell_new','26',NULL),
(73,'notification_template_feedback_new','27',NULL),
(74,'notification_template_buy_post_withdraw','27',NULL),
(75,'article_post_count','6',NULL),
(76,'main_page_article_post_count','4',NULL),
(77,'main_page_slide','/bin/admin/files/cover(10).jpg',NULL),
(78,'upload_page_background','/bin/admin/files/cmsdef/upload.jpg',NULL),
(79,'main_js',NULL,NULL),
(80,'main_css','The CSS code goes here...',NULL),
(81,'login_page_background','/bin/admin/files/cmsdef/login.jpg',NULL),
(82,'pages_content_delete','<p><br></p>',NULL),
(83,'pages_terms','<p dir=\"RTL\">Terms &amp; rules goes here</p><p dir=\"RTL\"><br></p><ul>\r\n</ul>',NULL),
(84,'pages_contact','<p style=\"text-align:justify\"><br></p>\r\n\r\n<p><span style=\"font-size:18px\"><img alt=\"\" src=\"https://www.shareicon.net/data/32x32/2016/09/10/828132_gps_400x512.png\" style=\"height:16px; width:16px\">&nbsp;Address goes here</span></p>\r\n\r\n<p><span style=\"font-size:18px\"><img alt=\"\" src=\"https://www.shareicon.net/data/32x32/2016/02/05/714409_phone_512x512.png\" style=\"height:18px; width:18px\">&nbsp;+1-283 526236</span></p>\r\n\r\n<p><span style=\"font-size:18px\"><img alt=\"\" src=\"https://www.shareicon.net/data/32x32/2015/12/30/695303_email_512x512.png\" style=\"height:18px; width:18px\">&nbsp;sales@proacademy.eu</span></p>\r\n\r\n<p dir=\"ltr\" style=\"text-align:justify\">&nbsp;</p>\r\n\r\n<p dir=\"ltr\" style=\"text-align:justify\">&nbsp;</p>',NULL),
(85,'pages_about','<p><span style=\"text-align: center;\">Pro Academy is a very professional learning &amp; teaching platform. You can simply upload your courses &amp; learn from professional educators online. Pro Academy has many built-in features that can resolve all your needs.</span></p><div><span style=\"text-align: center;\"><br></span></div>',NULL),
(86,'pages_help','<p>Help and tips go here.<br></p>',NULL),
(87,'pages_content_update','<p><br></p>',NULL),
(88,'site_income_private','30',NULL),
(89,'main_page_slide_title','Professional Learning & Teaching Platform',NULL),
(90,'main_page_slide_text','Proacademy is very professional learning & teaching platform. You can simply upload your courses & learn from professional educators online. Proacademy has many built-in features that can resolve all your needs.',NULL),
(91,'main_page_slide_btn_1_text','Start Learnings',NULL),
(92,'main_page_slide_btn_2_text','Start Teachings',NULL),
(93,'main_page_slide_btn_1_url','category?order=new',NULL),
(94,'main_page_slide_btn_2_url','/user/content/new',NULL),
(95,'main_page_vip_container','1',NULL),
(96,'default_avatar','/bin/admin/files/10179153.jpg',NULL),
(97,'default_user_avatar','/bin/admin/files/boy.svg',NULL),
(98,'default_user_cover','/bin/admin/files/ctest4.jpg',NULL),
(99,'default_chanel_icon','/bin/admin/files/cmsdef/default-channel.svg',NULL),
(100,'default_chanel_cover','/bin/admin/files/ctest4.jpg',NULL),
(101,'user_register_rest_email',NULL,NULL),
(102,'user_register_new_password_email','14',NULL),
(103,'user_register_reset_email','13',NULL),
(104,'triangle-banner-top-image',NULL,NULL),
(105,'triangle-banner-top-url',NULL,NULL),
(106,'triangle-banner-bottom-image',NULL,NULL),
(107,'triangle-banner-bottom-url','#test',NULL),
(108,'banner-html-box',NULL,NULL),
(109,'email_notification_template','15',NULL),
(110,'currency','IDR',NULL),
(111,'site_rtl','0',NULL),
(112,'site_videoads_title','test',NULL),
(113,'site_videoads_roll_type','preRoll',NULL),
(114,'site_description','The description goes here...',NULL),
(115,'gateway_paypal','1',NULL),
(116,'gateway_paytm','1',NULL),
(117,'gateway_payu','1',NULL),
(118,'site_preloader','0',NULL),
(119,'default_customer_dashboard_cover','/bin/admin/panel%20banner.png',NULL),
(120,'site_language','tr',NULL),
(121,'become_vendor','0',NULL),
(122,'gateway_paystack','1',NULL),
(123,'duplicate_login','0',NULL),
(124,'_token','yKndAex2OwbIkoN7qjNLyUNR9xNL8dirHldxgoaC',NULL),
(125,'files',NULL,NULL),
(126,'gateway_razorpay','1',NULL),
(127,'site_language_select','[\"tr\"]',NULL),
(128,'user_register_captcha','0',NULL),
(129,'site_fav','/bin/admin/images/logo/favicon.png',NULL),
(130,'main_live_class','1',NULL),
(131,'gateway_cinetpay','0',NULL),
(132,'gateway_stripe','1',NULL),
(133,'plasma_middle_feature_live_class_count','12',NULL),
(134,'plasma_middle_feature_video_courses_count','25',NULL),
(135,'plasma_middle_feature_instructor_count','18',NULL),
(136,'plasma_middle_feature_student_count','290',NULL),
(137,'plasma_middle_feature_enable','1',NULL),
(138,'testimonials_enable','1','normal'),
(139,'testimonials_items','[{\"text\":\"Lorem ipsum dolor sit amet, consectetur adipiscing elit, sed do eiusmod tempor incididunt ut labore et dolore magna aliqua. Ut enim ad minim veniam, quis nostrud exercitation ullamco laboris nisi ut aliquip ex ea commodo consequat. Duis aute irure dolor in reprehenderit in voluptate velit esse cillum dolore eu fugiat nulla pariatur. Excepteur sint occaecat cupidatat non proident, sunt in culpa qui officia deserunt mollit anim id est laborum.\",\"avatar\":\"\\/bin\\/admin\\/vannary.jpg\",\"name\":\"Addy Morphy\"},{\"text\":\"Lorem ipsum dolor sit amet, consectetur adipiscing elit, sed do eiusmod tempor incididunt ut labore et dolore magna aliqua. Ut enim ad minim veniam, quis nostrud exercitation ullamco laboris nisi ut aliquip ex ea commodo consequat. Duis aute irure dolor in reprehenderit in voluptate velit esse cillum dolore eu fugiat nulla pariatur. Excepteur sint occaecat cupidatat non proident, sunt in culpa qui officia deserunt mollit anim id est laborum.\",\"avatar\":\"\\/bin\\/admin\\/vannary.jpg\",\"name\":\"Addy Morphy\"},{\"text\":\"Lorem ipsum dolor sit amet, consectetur adipiscing elit, sed do eiusmod tempor incididunt ut labore et dolore magna aliqua. Ut enim ad minim veniam, quis nostrud exercitation ullamco laboris nisi ut aliquip ex ea commodo consequat. Duis aute irure dolor in reprehenderit in voluptate velit esse cillum dolore eu fugiat nulla pariatur. Excepteur sint occaecat cupidatat non proident, sunt in culpa qui officia deserunt mollit anim id est laborum.\",\"avatar\":\"\\/bin\\/admin\\/vannary.jpg\",\"name\":\"Addy Morphy\"},{\"text\":\"Lorem ipsum dolor sit amet, consectetur adipiscing elit, sed do eiusmod tempor incididunt ut labore et dolore magna aliqua. Ut enim ad minim veniam, quis nostrud exercitation ullamco laboris nisi ut aliquip ex ea commodo consequat. Duis aute irure dolor in reprehenderit in voluptate velit esse cillum dolore eu fugiat nulla pariatur. Excepteur sint occaecat cupidatat non proident, sunt in culpa qui officia deserunt mollit anim id est laborum.\",\"avatar\":\"\\/bin\\/admin\\/vannary.jpg\",\"name\":\"Addy Morphy\"}]','normal'),
(140,'option','testimonials_items',NULL),
(141,'plasma_live_class_text','Lorem ipsum dolor, sit amet consectetur adipisicing elit. Tempora delectus, dolorum odit ipsam cum ratione eveniet blanditiis sed impedit nemo veniam, architecto fuga temporibus, suscipit officia similique repellat eligendi consectetur.',NULL),
(142,'plasma_live_class_enable','1',NULL),
(143,'site_meta_description',NULL,NULL),
(144,'meta_keyword',NULL,NULL);

/*Table structure for table `password_resets` */

DROP TABLE IF EXISTS `password_resets`;

CREATE TABLE `password_resets` (
  `email` varchar(255) COLLATE utf8mb4_unicode_ci NOT NULL,
  `token` varchar(255) COLLATE utf8mb4_unicode_ci NOT NULL,
  `created_at` timestamp NULL DEFAULT NULL,
  KEY `password_resets_email_index` (`email`)
) ENGINE=InnoDB DEFAULT CHARSET=utf8mb4 COLLATE=utf8mb4_unicode_ci;

/*Data for the table `password_resets` */

/*Table structure for table `reports` */

DROP TABLE IF EXISTS `reports`;

CREATE TABLE `reports` (
  `id` int(10) unsigned NOT NULL AUTO_INCREMENT,
  `user_id` int(10) unsigned NOT NULL,
  `course_id` int(10) unsigned NOT NULL,
  `marks` tinyint(4) DEFAULT 0,
  `content` text NOT NULL,
  `link` varchar(255) NOT NULL,
  `created_at` datetime NOT NULL DEFAULT current_timestamp(),
  `updated_at` timestamp NOT NULL DEFAULT current_timestamp() ON UPDATE current_timestamp(),
  `verified_at` datetime DEFAULT NULL,
  PRIMARY KEY (`id`),
  KEY `user_id` (`user_id`),
  KEY `course_id` (`course_id`),
  CONSTRAINT `reports_ibfk_2` FOREIGN KEY (`course_id`) REFERENCES `courses` (`id`) ON DELETE CASCADE
) ENGINE=InnoDB AUTO_INCREMENT=12 DEFAULT CHARSET=utf8;

/*Data for the table `reports` */

insert  into `reports`(`id`,`user_id`,`course_id`,`marks`,`content`,`link`,`created_at`,`updated_at`,`verified_at`) values 
(6,1,17,0,'This content is illegal.11','','2022-01-19 12:17:14','2022-01-19 12:17:14',NULL),
(9,1,17,0,'This content is illegal.','http://127.0.0.1:8000/course-download/17','2022-01-19 12:31:33','2022-01-19 12:31:33',NULL),
(11,0,7,0,'This content is illegal.','http://127.0.0.1:8000/course-download/7','2022-01-19 14:35:24','2022-01-19 14:35:24',NULL);

/*Table structure for table `settings` */

DROP TABLE IF EXISTS `settings`;

CREATE TABLE `settings` (
  `id` int(10) unsigned NOT NULL AUTO_INCREMENT,
  `key` varchar(40) CHARACTER SET ascii NOT NULL,
  `value` varchar(200) NOT NULL,
  `description` text DEFAULT NULL,
  `created_at` datetime DEFAULT current_timestamp(),
  `updated_at` timestamp NOT NULL DEFAULT current_timestamp() ON UPDATE current_timestamp(),
  PRIMARY KEY (`id`)
) ENGINE=InnoDB AUTO_INCREMENT=8 DEFAULT CHARSET=utf8;

/*Data for the table `settings` */

insert  into `settings`(`id`,`key`,`value`,`description`,`created_at`,`updated_at`) values 
(1,'lang','en','current interface language : en/fr/ar\r\n','2021-11-24 21:22:32','2021-11-24 21:23:07'),
(2,'ads1','en','<p><img alt=\"\" src=\"http://127.0.0.1:8000/uploads/attach/b6c7a583845f32d445d1fc395a9ee03e.png\" style=\"border-style:solid; border-width:0px; float:right; height:80px; margin:0px; width:100%\" /></p>\n','2022-01-20 18:15:29','2022-01-20 14:25:21'),
(3,'ads2','en','<p><a href=\"http://google.com/987654321\"><img src=\"http://127.0.0.1:8000/uploads/attach/1efe7c6307688f8161993ce0f1a2a5fd.png\" style=\"width:220px\" /></a></p>\n','2022-01-20 13:46:02','2022-01-20 14:25:21'),
(4,'ads3','en','<p><a href=\"http://google.com/123456789\"><img src=\"http://127.0.0.1:8000/uploads/attach/b2cf7dbcd61bf2a754433edf3ca1afad.png\" style=\"width:220px\" /></a></p>\n\n<p>&nbsp;</p>\n','2022-01-20 13:46:03','2022-01-20 14:25:21'),
(5,'aboutus','en','<p><img alt=\"\" src=\"//images03.nicepage.com/c461c07a441a5d220e8feb1a/b9bbf3b657f65ed79faaca1d/ggg-min.jpg\" /></p>\n\n<p>Our offerings</p>\n\n<h2>Brand Strategy &amp; Marketing</h2>\n\n<p>Image from <a href=\"https://www.freepik.com/photos/people\">Freepik</a></p>\n\n<h3>About Us</h3>\n\n<p>Sample text. Click to select the text box. Click again or double click to start editing the text.</p>\n\n<p><img alt=\"\" src=\"//images03.nicepage.com/c461c07a441a5d220e8feb1a/dccafddb6dd657349a3cdac4/hyfg-min.jpg\" /></p>\n\n<p>Image from <a href=\"https://freepik.com/photos/business\">Freepik</a></p>\n\n<p>About Company</p>\n\n<p>Sample text. Click to select the text box. Click again or double click to start editing the text.</p>\n\n<p><a href=\"https://dzairacademy.com\">View More</a></p>\n\n<p>What We Do</p>\n\n<p>Sample text. Click to select the text box. Click again or double click to start editing the text.</p>\n\n<p><a href=\"https://dzairacademy.com\">View More</a></p>\n\n<p>How We Work</p>\n\n<p>Sample text. Click to select the text box. Click again or double click to start editing the text.</p>\n\n<p><a href=\"https://dzairacademy.com/website-mockup\">View More</a></p>\n\n<p>Contact Us</p>\n\n<p>Sample text. Click to select the text box. Click again or double click to start editing the text.</p>\n\n<p><a href=\"https://dzairacademy.com\">View More</a></p>\n\n<p><img alt=\"\" src=\"//images03.nicepage.com/c461c07a441a5d220e8feb1a/2a9c4d9cfd2057f19ac3714a/sdfe-min.jpg\" /></p>\n\n<h2>Great Team</h2>\n\n<p>Auctor eu augue ut lectus arcu. Sit amet tellus cras adipiscing. Malesuada proin libero nunc consequat interdum. Urna porttitor rhoncus dolor purus non enim praesent elementum.</p>\n\n<p>Image from <a href=\"https://freepik.com/photos/business\">Freepik</a></p>\n\n<p><a href=\"https://dzairacademy.com\">learn more</a></p>\n\n<p>Vivamus arcu felis bibendum ut tristique et. Habitant morbi tristique senectus et netus et malesuada fames. Sapien eget mi proin sed libero enim sed. Et ultrices neque ornare aenean euismod elementum nisi quis eleifend.&nbsp;</p>\n\n<h1>Collaboration creates smarter and more effective work</h1>\n\n<p>Urna neque viverra justo nec. Pretium vulputate sapien nec sagittis aliquam malesuada bibendum arcu. Scelerisque mauris pellentesque pulvinar pellentesque habitant morbi tristique senectus et. Enim neque volutpat ac tincidunt.&nbsp;<br />\n<br />\nSemper eget duis at tellus at urna condimentum mattis pellentesque. Eget gravida cum sociis natoque. Netus et malesuada fames ac turpis egestas.&nbsp;Duis aute irure dolor in reprehenderit in voluptate velit esse cillum dolore eu fugiat nulla pariatur.</p>\n\n<p><a href=\"https://dzairacademy.com\">learn more</a></p>\n\n<h1>A Creative Consultancy<br />\n&amp; Agency</h1>\n\n<p><img alt=\"\" src=\"//images03.nicepage.com/c461c07a441a5d220e8feb1a/08c97891e12f588985587200/asd.jpg\" /><img alt=\"\" src=\"//images03.nicepage.com/c461c07a441a5d220e8feb1a/fff3816c81e15ced991e0b61/fvzd-min.jpg\" /></p>\n\n<p>Ut enim ad minim veniam, quis nostrud exercitation ullamco laboris nisi ut aliquip ex ea commodo consequat. Duis aute irure dolor in reprehenderit in voluptate velit esse cillum dolore eu fugiat nulla pariatur. Excepteur sint occaecat cupidatat non proident, sunt in culpa qui officia deserunt mollit anim id est laborum.</p>\n\n<p>Images from <a href=\"https://freepik.com/photos/business\">Freepik</a></p>\n\n<p><img src=\"//images03.nicepage.com/c461c07a441a5d220e8feb1a/ad2e855fa7435b8b80265cc3/gf-min.jpg\" /></p>\n\n<p>consulting services</p>\n\n<h1>Write your business plan</h1>\n\n<p>Duis aute irure dolor in reprehenderit in voluptate velit esse cillum dolore eu fugiat nulla pariatur. Excepteur sint occaecat cupidatat non proident.</p>\n\n<p>Image by <a href=\"https://www.freepik.com/photos/business\">Freepik</a></p>\n\n<p><a href=\"https://dzairacademy.com\">learn more</a></p>\n\n<h2>about company</h2>\n\n<h3>120</h3>\n\n<p>awesome projects</p>\n\n<h3>90</h3>\n\n<p>happy clients</p>\n\n<h3>50</h3>\n\n<p>team members</p>\n\n<h3>100</h3>\n\n<p>coffee cups</p>\n\n<h2>Contact Us</h2>\n\n<p>&nbsp;</p>\n\n<p>Name</p>\n\n<p>Email</p>\n\n<p>Message</p>\n\n<p><a href=\"#\">Submit</a></p>\n\n<p>Thank you! Your message has been sent.</p>\n\n<p>Unable to send your message. Please fix errors then try again.</p>\n\n<p>&nbsp;</p>\n\n<p>Image from <a href=\"https://freepik.com/photos/people\">Freepik</a></p>\n\n<p><img alt=\"\" src=\"//images03.nicepage.com/c461c07a441a5d220e8feb1a/ae30a308cbe35550a1ff83d9/wqe-min.jpg\" /></p>\n\n<p>Call Us</p>\n\n<p>1 (234) 567-891, 1 (234) 987-654</p>\n\n<p>&nbsp;</p>\n\n<p>Location</p>\n\n<p>121 Rock Sreet, 21 Avenue, New York, NY 92103-9000</p>\n\n<p>&nbsp;</p>\n\n<p>Business Hours</p>\n\n<p>Mon &ndash; Fri &hellip;&hellip; 10 am &ndash; 8 pm, Sat, Sun ....&hellip; Closed</p>\n\n<p>{{ translate(&#39;&copy; 2022 - 2021 Dzair Academy - All Rights Reserved.&#39;)}}</p>\n','2022-01-20 23:49:44','2022-01-20 15:08:49'),
(6,'qna','en','<p>What&#39;s included in the quoted daily rate?</p>\n\n<p>Answer. Lorem ipsum dolor sit amet, consectetur adipiscing elit. Curabitur id suscipit ex. Suspendisse rhoncus laoreet purus quis elementum. Phasellus sed efficitur dolor, et ultricies sapien. Quisque fringilla sit amet dolor commodo efficitur. Aliquam et sem odio. In ullamcorper nisi nunc, et molestie ipsum iaculis sit amet.</p>\n\n<p>What is the rental&#39;s mileage plan?</p>\n\n<p>Answer. Lorem ipsum dolor sit amet, consectetur adipiscing elit. Curabitur id suscipit ex. Suspendisse rhoncus laoreet purus quis elementum. Phasellus sed efficitur dolor, et ultricies sapien. Quisque fringilla sit amet dolor commodo efficitur. Aliquam et sem odio. In ullamcorper nisi nunc, et molestie ipsum iaculis sit amet.</p>\n\n<p>What are your extra insurance options?</p>\n\n<p>Answer. Lorem ipsum dolor sit amet, consectetur adipiscing elit. Curabitur id suscipit ex. Suspendisse rhoncus laoreet purus quis elementum. Phasellus sed efficitur dolor, et ultricies sapien. Quisque fringilla sit amet dolor commodo efficitur. Aliquam et sem odio. In ullamcorper nisi nunc, et molestie ipsum iaculis sit amet.</p>\n\n<p>Do I need to return the rental with a full tank?</p>\n\n<p>Answer. Lorem ipsum dolor sit amet, consectetur adipiscing elit. Curabitur id suscipit ex. Suspendisse rhoncus laoreet purus quis elementum. Phasellus sed efficitur dolor, et ultricies sapien. Quisque fringilla sit amet dolor commodo efficitur. Aliquam et sem odio. In ullamcorper nisi nunc, et molestie ipsum iaculis sit amet.</p>\n\n<p>{{ translate(&#39;&copy; 2022 - 2021 Dzair Academy - All Rights Reserved.&#39;)}}</p>\n','2022-01-20 23:51:12','2022-01-20 15:08:49'),
(7,'tutorial','en','<p>Tutorial Page</p>\n','2022-01-20 15:08:49','2022-01-20 15:08:49');

/*Table structure for table `specializations` */

DROP TABLE IF EXISTS `specializations`;

CREATE TABLE `specializations` (
  `id` int(10) unsigned NOT NULL AUTO_INCREMENT,
  `faculty_id` int(10) unsigned NOT NULL,
  `en` varchar(50) CHARACTER SET ascii DEFAULT NULL,
  `fr` varchar(50) DEFAULT NULL,
  `ar` varchar(50) DEFAULT NULL,
  `created_by` int(11) DEFAULT NULL,
  `updated_by` int(11) DEFAULT NULL,
  `status` tinyint(4) DEFAULT 0,
  `created_at` datetime DEFAULT current_timestamp(),
  `updated_at` timestamp NOT NULL DEFAULT current_timestamp() ON UPDATE current_timestamp(),
  PRIMARY KEY (`id`),
  KEY `training_id` (`faculty_id`),
  CONSTRAINT `specializations_ibfk_1` FOREIGN KEY (`faculty_id`) REFERENCES `faculties` (`id`) ON DELETE CASCADE
) ENGINE=InnoDB AUTO_INCREMENT=20 DEFAULT CHARSET=utf8;

/*Data for the table `specializations` */

insert  into `specializations`(`id`,`faculty_id`,`en`,`fr`,`ar`,`created_by`,`updated_by`,`status`,`created_at`,`updated_at`) values 
(1,1,'energetic mechanical engineering','Sciences et Technologie','علوم و تكنولوجيا',NULL,1,1,'2021-11-24 21:08:44','2021-12-29 00:53:36'),
(2,1,'Specialization 02','Sciences de la matière','علوم المادة',1,1,1,'2021-11-24 21:08:46','2021-12-29 00:53:34'),
(3,1,'Specialization 03','Mathematiques et informatique','رياضيات و إعلام آلي',1,1,1,'2021-11-24 21:08:48','2021-12-29 00:53:33'),
(4,4,'Specialization 04','Sciences de la nature et de la vie','علوم الطبيعة و الحياة',1,1,1,'2021-11-24 21:08:50','2021-12-29 00:53:31'),
(5,5,'Specialization 05','Sciences de la Terre et de l\'Univers','علوم الأرض و الكون',1,1,1,'2021-11-24 21:08:52','2021-12-29 00:53:30'),
(6,6,'Specialization 06','Sciences Economiques, de Gestion et Comerciales','علوم إقتصادية, تسيير و علوم تجارية',NULL,1,1,'2021-11-24 21:08:54','2021-12-29 00:53:28'),
(7,7,'Specialization 07','Droit et Sciences Politiques','حقوق و علوم سياسية',1,1,1,'2021-11-24 21:08:57','2021-12-29 00:53:27'),
(8,8,'Specialization 08','Lettres et Langues Etrangeres','آداب و لغات أجنبية',1,1,1,'2021-11-24 21:08:59','2021-12-29 00:53:17'),
(9,9,'Specialization 09','Sciences Humaines et Sociales','علوم إنسانية و إجتماعية',1,1,1,'2021-11-24 21:09:06','2021-12-29 00:53:15'),
(10,10,'Specialization 10','Sciences et Techniques des Activités Physiques et ','علوم و تقنيات النشاطات البدنية و الرياضية',1,1,-1,'2021-11-24 21:09:08','2021-12-29 00:53:13'),
(11,11,'Specialization 11','Arts','فنون',1,1,1,'2021-11-24 21:09:10','2021-12-29 00:53:11'),
(12,12,'Specialization 12','Langue et littératures Arabes','لغة و أدب عربي',1,1,1,'2021-11-24 21:09:11','2021-12-29 00:53:09'),
(13,13,'Specialization 13','Langue et Culture Amazighes','لغة و ثقافة امازيغية',1,1,1,'2021-11-24 21:09:15','2021-12-29 00:53:06'),
(14,14,'Facs 14','Architecture, Urbanisme et Métiers de la Ville','هندسة معمارية, عمران و مهن المدينة',1,1,-1,'2021-11-24 21:09:17','2021-12-29 00:53:04'),
(16,1,'subj01','subj01','subj01',1,1,1,'2021-12-28 04:18:31','2021-12-29 00:53:00'),
(19,1,'new specialization','','',1,1,0,'2022-01-21 06:11:36','2022-01-21 06:11:36');

/*Table structure for table `trainings` */

DROP TABLE IF EXISTS `trainings`;

CREATE TABLE `trainings` (
  `id` int(10) unsigned NOT NULL AUTO_INCREMENT,
  `symbol` varchar(10) CHARACTER SET ascii NOT NULL,
  `en` varchar(50) CHARACTER SET ascii DEFAULT NULL,
  `fr` varchar(50) DEFAULT NULL,
  `ar` varchar(50) DEFAULT NULL,
  `created_at` datetime DEFAULT current_timestamp(),
  `updated_at` timestamp NOT NULL DEFAULT current_timestamp() ON UPDATE current_timestamp(),
  PRIMARY KEY (`id`),
  KEY `training_sym` (`symbol`)
) ENGINE=InnoDB AUTO_INCREMENT=15 DEFAULT CHARSET=utf8;

/*Data for the table `trainings` */

insert  into `trainings`(`id`,`symbol`,`en`,`fr`,`ar`,`created_at`,`updated_at`) values 
(1,'D01','Sciences and Technology','Sciences et Technologie','علوم و تكنولوجيا','2021-11-24 21:08:44','2021-11-24 21:10:38'),
(2,'D02','Science of matter','Sciences de la matière','علوم المادة','2021-11-24 21:08:46','2021-11-24 21:17:31'),
(3,'D03','Mathematics and Computer Science','Mathematiques et informatique','رياضيات و إعلام آلي','2021-11-24 21:08:48','2021-11-24 21:17:42'),
(4,'D04','Nature and life sciences','Sciences de la nature et de la vie','علوم الطبيعة و الحياة','2021-11-24 21:08:50','2021-11-24 21:17:50'),
(5,'D05','Earth and Universe Sciences','Sciences de la Terre et de l\'Univers','علوم الأرض و الكون','2021-11-24 21:08:52','2021-11-24 21:17:57'),
(6,'D06','Economics, Management and Commercial Sciences','Sciences Economiques, de Gestion et Comerciales','علوم إقتصادية, تسيير و علوم تجارية','2021-11-24 21:08:54','2021-11-24 21:18:06'),
(7,'D07','Law and Political Sciences','Droit et Sciences Politiques','حقوق و علوم سياسية','2021-11-24 21:08:57','2021-11-24 21:14:48'),
(8,'D08','Letters and Foreign Languages','Lettres et Langues Etrangeres','آداب و لغات أجنبية','2021-11-24 21:08:59','2021-11-24 21:18:18'),
(9,'D09','Humanities and Social Sciences','Sciences Humaines et Sociales','علوم إنسانية و إجتماعية','2021-11-24 21:09:06','2021-11-24 21:18:29'),
(10,'D10','Sciences and Techniques of Physical and Sports Act','Sciences et Techniques des Activités Physiques et ','علوم و تقنيات النشاطات البدنية و الرياضية','2021-11-24 21:09:08','2021-11-24 21:18:50'),
(11,'D11','Arts','Arts','فنون','2021-11-24 21:09:10','2021-11-24 21:19:02'),
(12,'D12','Arabic language and literature','Langue et littératures Arabes','لغة و أدب عربي','2021-11-24 21:09:11','2021-11-24 21:19:22'),
(13,'D13','Amazigh Language and Culture','Langue et Culture Amazighes','لغة و ثقافة امازيغية','2021-11-24 21:09:15','2021-11-24 21:19:30'),
(14,'D14','Architecture, Urbanism and City Trades','Architecture, Urbanisme et Métiers de la Ville','هندسة معمارية, عمران و مهن المدينة','2021-11-24 21:09:17','2021-11-24 21:19:36');

/*Table structure for table `translates` */

DROP TABLE IF EXISTS `translates`;

CREATE TABLE `translates` (
  `id` int(10) unsigned NOT NULL AUTO_INCREMENT,
  `lang` varchar(255) COLLATE utf8mb4_unicode_ci NOT NULL,
  `key` text COLLATE utf8mb4_unicode_ci NOT NULL,
  `value` text COLLATE utf8mb4_unicode_ci DEFAULT NULL,
  `collection` varchar(255) COLLATE utf8mb4_unicode_ci NOT NULL DEFAULT 'general',
  `created_at` datetime DEFAULT current_timestamp(),
  `updated_at` timestamp NULL DEFAULT current_timestamp() ON UPDATE current_timestamp(),
  PRIMARY KEY (`id`)
) ENGINE=InnoDB AUTO_INCREMENT=1135 DEFAULT CHARSET=utf8mb4 COLLATE=utf8mb4_unicode_ci;

/*Data for the table `translates` */

insert  into `translates`(`id`,`lang`,`key`,`value`,`collection`,`created_at`,`updated_at`) values 
(111,'en','Default Title',NULL,'seo','2021-11-02 09:03:52','2021-11-02 09:03:52'),
(112,'ar','Default Title',NULL,'seo','2021-11-02 09:03:52','2021-11-02 09:03:52'),
(113,'en','Default Description',NULL,'seo','2021-11-02 09:03:52','2021-11-02 09:03:52'),
(114,'ar','Default Description',NULL,'seo','2021-11-02 09:03:52','2021-11-02 09:03:52'),
(115,'en','Default keywords',NULL,'seo','2021-11-02 09:03:52','2021-11-02 09:03:52'),
(116,'ar','Default keywords',NULL,'seo','2021-11-02 09:03:52','2021-11-02 09:03:52'),
(117,'en','Home Page Title',NULL,'seo','2021-11-02 09:03:52','2021-11-02 09:03:52'),
(118,'ar','Home Page Title',NULL,'seo','2021-11-02 09:03:52','2021-11-02 09:03:52'),
(119,'en','Home Page Description',NULL,'seo','2021-11-02 09:03:52','2021-11-02 09:03:52'),
(120,'ar','Home Page Description',NULL,'seo','2021-11-02 09:03:52','2021-11-02 09:03:52'),
(121,'en','Home Page keywords',NULL,'seo','2021-11-02 09:03:52','2021-11-02 09:03:52'),
(122,'ar','Home Page keywords',NULL,'seo','2021-11-02 09:03:52','2021-11-02 09:03:52'),
(123,'en','Change Page Title',NULL,'seo','2021-11-02 09:03:52','2021-11-02 09:03:52'),
(124,'ar','Change Page Title',NULL,'seo','2021-11-02 09:03:52','2021-11-02 09:03:52'),
(125,'en','Change Page Description',NULL,'seo','2021-11-02 09:03:52','2021-11-02 09:03:52'),
(126,'ar','Change Page Description',NULL,'seo','2021-11-02 09:03:52','2021-11-02 09:03:52'),
(127,'en','Change Page keywords',NULL,'seo','2021-11-02 09:03:52','2021-11-02 09:03:52'),
(128,'ar','Change Page keywords',NULL,'seo','2021-11-02 09:03:52','2021-11-02 09:03:52'),
(129,'en','Blog Title',NULL,'seo','2021-11-02 09:03:52','2021-11-02 09:03:52'),
(130,'ar','Blog Title',NULL,'seo','2021-11-02 09:03:52','2021-11-02 09:03:52'),
(131,'en','Blog Description','Blog Description','seo','2021-11-02 09:03:52','2021-12-17 00:32:25'),
(132,'ar','Blog Description','وصف المدونة','seo','2021-11-02 09:03:52','2021-12-17 00:32:25'),
(133,'en','Blog keywords',NULL,'seo','2021-11-02 09:03:52','2021-11-02 09:03:52'),
(134,'ar','Blog keywords',NULL,'seo','2021-11-02 09:03:52','2021-11-02 09:03:52'),
(135,'en','Contact Page Title',NULL,'seo','2021-11-02 09:03:52','2021-11-02 09:03:52'),
(136,'ar','Contact Page Title',NULL,'seo','2021-11-02 09:03:52','2021-11-02 09:03:52'),
(137,'en','Contact Page Description',NULL,'seo','2021-11-02 09:03:52','2021-11-02 09:03:52'),
(138,'ar','Contact Page Description',NULL,'seo','2021-11-02 09:03:52','2021-11-02 09:03:52'),
(139,'en','Contact Page keywords',NULL,'seo','2021-11-02 09:03:52','2021-11-02 09:03:52'),
(140,'ar','Contact Page keywords',NULL,'seo','2021-11-02 09:03:52','2021-11-02 09:03:52'),
(141,'en','Homepage Title',NULL,'general','2021-11-11 06:11:15','2021-11-11 06:11:15'),
(142,'ar','Homepage Title',NULL,'general','2021-11-11 06:11:15','2021-11-11 06:11:15'),
(143,'en','Click To Copy!',NULL,'general','2021-11-11 06:11:15','2021-11-11 06:11:15'),
(144,'ar','Click To Copy!',NULL,'general','2021-11-11 06:11:15','2021-11-11 06:11:15'),
(145,'en','Copied!',NULL,'general','2021-11-11 06:11:15','2021-11-11 06:11:15'),
(146,'ar','Copied!',NULL,'general','2021-11-11 06:11:15','2021-11-11 06:11:15'),
(147,'en','Could not found results.','Could not found results.','general','2021-11-24 13:20:49','2021-11-24 22:22:52'),
(148,'fr','Could not found results.',NULL,'general','2021-11-24 13:20:49','2021-11-24 13:20:49'),
(149,'ar','Could not found results.',NULL,'general','2021-11-24 13:20:49','2021-11-24 13:20:49'),
(150,'en','All Users','All Users','general','2021-12-02 01:43:45','2021-12-02 01:43:45'),
(151,'fr','All Users',NULL,'general','2021-12-02 01:43:45','2021-12-02 01:43:45'),
(152,'ar','All Users',NULL,'general','2021-12-02 01:43:45','2021-12-02 01:43:45'),
(153,'en','All Courses','All Courses','general','2021-12-02 01:44:08','2021-12-02 01:44:08'),
(154,'fr','All Courses',NULL,'general','2021-12-02 01:44:08','2021-12-02 01:44:08'),
(155,'ar','All Courses',NULL,'general','2021-12-02 01:44:08','2021-12-02 01:44:08'),
(156,'en','New Course','New Course','general','2021-12-02 01:45:19','2021-12-02 01:45:19'),
(157,'fr','New Course',NULL,'general','2021-12-02 01:45:19','2021-12-02 01:45:19'),
(158,'ar','New Course',NULL,'general','2021-12-02 01:45:20','2021-12-02 01:45:20'),
(159,'en','Course Download','Course Download','general','2021-12-02 04:24:26','2021-12-02 04:24:26'),
(160,'fr','Course Download',NULL,'general','2021-12-02 04:24:26','2021-12-02 04:24:26'),
(161,'ar','Course Download',NULL,'general','2021-12-02 04:24:26','2021-12-02 04:24:26'),
(162,'en','Back','Back','general','2021-12-02 04:24:26','2021-12-02 04:24:26'),
(163,'fr','Back',NULL,'general','2021-12-02 04:24:26','2021-12-02 04:24:26'),
(164,'ar','Back',NULL,'general','2021-12-02 04:24:26','2021-12-02 04:24:26'),
(165,'en','Description:','Description:','general','2021-12-02 09:28:34','2021-12-02 09:28:34'),
(166,'fr','Description:',NULL,'general','2021-12-02 09:28:34','2021-12-02 09:28:34'),
(167,'ar','Description:',NULL,'general','2021-12-02 09:28:34','2021-12-02 09:28:34'),
(168,'en','password:','password:','general','2021-12-02 09:33:26','2021-12-02 09:33:26'),
(169,'fr','password:',NULL,'general','2021-12-02 09:33:26','2021-12-02 09:33:26'),
(170,'ar','password:',NULL,'general','2021-12-02 09:33:26','2021-12-02 09:33:26'),
(171,'en','Download','Download','general','2021-12-02 09:43:17','2021-12-02 09:43:17'),
(172,'fr','Download',NULL,'general','2021-12-02 09:43:17','2021-12-02 09:43:17'),
(173,'ar','Download',NULL,'general','2021-12-02 09:43:17','2021-12-02 09:43:17'),
(174,'en','Path','Path','general','2021-12-02 10:05:22','2021-12-02 10:05:22'),
(175,'fr','Path',NULL,'general','2021-12-02 10:05:22','2021-12-02 10:05:22'),
(176,'ar','Path',NULL,'general','2021-12-02 10:05:22','2021-12-02 10:05:22'),
(177,'en','User Profile','User Profile','general','2021-12-02 10:20:48','2021-12-02 10:20:48'),
(178,'fr','User Profile',NULL,'general','2021-12-02 10:20:48','2021-12-02 10:20:48'),
(179,'ar','User Profile',NULL,'general','2021-12-02 10:20:48','2021-12-02 10:20:48'),
(180,'en','Profile Information','Profile Information','general','2021-12-02 10:26:15','2021-12-02 10:26:15'),
(181,'fr','Profile Information',NULL,'general','2021-12-02 10:26:15','2021-12-02 10:26:15'),
(182,'ar','Profile Information',NULL,'general','2021-12-02 10:26:15','2021-12-02 10:26:15'),
(183,'en','Full Name','Full Name','general','2021-12-02 10:26:15','2021-12-02 10:26:15'),
(184,'fr','Full Name',NULL,'general','2021-12-02 10:26:15','2021-12-02 10:26:15'),
(185,'ar','Full Name',NULL,'general','2021-12-02 10:26:15','2021-12-02 10:26:15'),
(186,'en','Email','Email','general','2021-12-02 10:26:15','2021-12-02 10:26:15'),
(187,'fr','Email',NULL,'general','2021-12-02 10:26:15','2021-12-02 10:26:15'),
(188,'ar','Email',NULL,'general','2021-12-02 10:26:15','2021-12-02 10:26:15'),
(189,'en','Phone','Phone','general','2021-12-02 10:26:15','2021-12-02 10:26:15'),
(190,'fr','Phone',NULL,'general','2021-12-02 10:26:15','2021-12-02 10:26:15'),
(191,'ar','Phone',NULL,'general','2021-12-02 10:26:16','2021-12-02 10:26:16'),
(192,'en','Collections Manage','Collections Manage','general','2021-12-02 11:37:00','2021-12-02 11:37:00'),
(193,'fr','Collections Manage',NULL,'general','2021-12-02 11:37:00','2021-12-02 11:37:00'),
(194,'ar','Collections Manage',NULL,'general','2021-12-02 11:37:00','2021-12-02 11:37:00'),
(195,'en','Send Message to the member','Send Message to the member','general','2021-12-02 11:37:06','2021-12-02 11:37:06'),
(196,'fr','Send Message to the member',NULL,'general','2021-12-02 11:37:06','2021-12-02 11:37:06'),
(197,'ar','Send Message to the member',NULL,'general','2021-12-02 11:37:06','2021-12-02 11:37:06'),
(198,'en','To','To','general','2021-12-02 11:37:06','2021-12-02 11:37:06'),
(199,'fr','To',NULL,'general','2021-12-02 11:37:06','2021-12-02 11:37:06'),
(200,'ar','To',NULL,'general','2021-12-02 11:37:06','2021-12-02 11:37:06'),
(201,'en','Content:','Content:','general','2021-12-02 11:37:06','2021-12-02 11:37:06'),
(202,'fr','Content:',NULL,'general','2021-12-02 11:37:06','2021-12-02 11:37:06'),
(203,'ar','Content:',NULL,'general','2021-12-02 11:37:06','2021-12-02 11:37:06'),
(204,'en','Message Manage','Message Manage','general','2021-12-02 11:44:11','2021-12-02 11:44:11'),
(205,'fr','Message Manage',NULL,'general','2021-12-02 11:44:11','2021-12-02 11:44:11'),
(206,'ar','Message Manage',NULL,'general','2021-12-02 11:44:11','2021-12-02 11:44:11'),
(207,'en','outbox','outbox','general','2021-12-02 11:47:17','2021-12-02 11:47:17'),
(208,'fr','outbox',NULL,'general','2021-12-02 11:47:17','2021-12-02 11:47:17'),
(209,'ar','outbox',NULL,'general','2021-12-02 11:47:17','2021-12-02 11:47:17'),
(210,'en','send','send','general','2021-12-02 11:47:17','2021-12-02 11:47:17'),
(211,'fr','send',NULL,'general','2021-12-02 11:47:17','2021-12-02 11:47:17'),
(212,'ar','send',NULL,'general','2021-12-02 11:47:17','2021-12-02 11:47:17'),
(213,'en','Received Messages','Received Messages','general','2021-12-02 12:00:08','2021-12-02 12:00:08'),
(214,'fr','Received Messages',NULL,'general','2021-12-02 12:00:08','2021-12-02 12:00:08'),
(215,'ar','Received Messages',NULL,'general','2021-12-02 12:00:08','2021-12-02 12:00:08'),
(216,'en','Sent Messages','Sent Messages','general','2021-12-02 12:06:27','2021-12-02 12:06:27'),
(217,'fr','Sent Messages',NULL,'general','2021-12-02 12:06:27','2021-12-02 12:06:27'),
(218,'ar','Sent Messages',NULL,'general','2021-12-02 12:06:27','2021-12-02 12:06:27'),
(219,'en','ID','ID','general','2021-12-02 12:11:48','2021-12-02 12:11:48'),
(220,'fr','ID',NULL,'general','2021-12-02 12:11:48','2021-12-02 12:11:48'),
(221,'ar','ID',NULL,'general','2021-12-02 12:11:48','2021-12-02 12:11:48'),
(222,'en','From User','From User','general','2021-12-02 12:11:48','2021-12-02 12:11:48'),
(223,'fr','From User',NULL,'general','2021-12-02 12:11:48','2021-12-02 12:11:48'),
(224,'ar','From User',NULL,'general','2021-12-02 12:11:48','2021-12-02 12:11:48'),
(225,'en','Message','Message','general','2021-12-02 12:11:48','2021-12-02 12:11:48'),
(226,'fr','Message',NULL,'general','2021-12-02 12:11:48','2021-12-02 12:11:48'),
(227,'ar','Message',NULL,'general','2021-12-02 12:11:48','2021-12-02 12:11:48'),
(228,'en','Received Date','Received Date','general','2021-12-02 12:11:48','2021-12-02 12:11:48'),
(229,'fr','Received Date',NULL,'general','2021-12-02 12:11:48','2021-12-02 12:11:48'),
(230,'ar','Received Date',NULL,'general','2021-12-02 12:11:48','2021-12-02 12:11:48'),
(231,'en','Action','Action','general','2021-12-02 12:11:48','2021-12-02 12:11:48'),
(232,'fr','Action',NULL,'general','2021-12-02 12:11:48','2021-12-02 12:11:48'),
(233,'ar','Action',NULL,'general','2021-12-02 12:11:48','2021-12-02 12:11:48'),
(234,'en','To User','To User','general','2021-12-02 12:29:33','2021-12-02 12:29:33'),
(235,'fr','To User',NULL,'general','2021-12-02 12:29:33','2021-12-02 12:29:33'),
(236,'ar','To User',NULL,'general','2021-12-02 12:29:33','2021-12-02 12:29:33'),
(237,'en','Collection','Collection','general','2021-12-02 12:30:37','2021-12-02 12:30:37'),
(238,'fr','Collection',NULL,'general','2021-12-02 12:30:37','2021-12-02 12:30:37'),
(239,'ar','Collection',NULL,'general','2021-12-02 12:30:37','2021-12-02 12:30:37'),
(240,'en','© 2022 - 2021 Dzair Academy - All Rights Reserved.','© 2022 - 2021 Dzair Academy - All Rights Reserved.','general','2021-12-02 12:38:35','2021-12-02 12:38:35'),
(241,'fr','© 2022 - 2021 Dzair Academy - All Rights Reserved.','© 2022-2021 Dzair Academy - Tous droits réservés.','general','2021-12-02 12:38:35','2022-01-13 15:14:19'),
(242,'ar','© 2022 - 2021 Dzair Academy - All Rights Reserved.','© 2022-2021 أكاديمية Dzair - جميع الحقوق محفوظة.','general','2021-12-02 12:38:35','2022-01-13 15:14:19'),
(243,'en','Collection Name','Collection Name','general','2021-12-02 12:51:28','2021-12-02 12:51:28'),
(244,'fr','Collection Name',NULL,'general','2021-12-02 12:51:28','2021-12-02 12:51:28'),
(245,'ar','Collection Name',NULL,'general','2021-12-02 12:51:28','2021-12-02 12:51:28'),
(246,'en','Number of Files','Number of Files','general','2021-12-02 12:51:28','2021-12-02 12:51:28'),
(247,'fr','Number of Files',NULL,'general','2021-12-02 12:51:28','2021-12-02 12:51:28'),
(248,'ar','Number of Files',NULL,'general','2021-12-02 12:51:28','2021-12-02 12:51:28'),
(249,'en','Added Date','Added Date','general','2021-12-02 12:51:28','2021-12-02 12:51:28'),
(250,'fr','Added Date',NULL,'general','2021-12-02 12:51:28','2021-12-02 12:51:28'),
(251,'ar','Added Date',NULL,'general','2021-12-02 12:51:28','2021-12-02 12:51:28'),
(252,'en','User Collection List','User Collection List','general','2021-12-02 12:51:48','2021-12-02 12:51:48'),
(253,'fr','User Collection List',NULL,'general','2021-12-02 12:51:48','2021-12-02 12:51:48'),
(254,'ar','User Collection List',NULL,'general','2021-12-02 12:51:48','2021-12-02 12:51:48'),
(255,'en','Search','Search','general','2021-12-03 00:14:42','2022-01-13 14:52:34'),
(256,'fr','Search','Chercher','general','2021-12-03 00:14:42','2022-01-13 14:46:36'),
(257,'ar','Search','بحث','general','2021-12-03 00:14:42','2022-01-13 14:46:36'),
(258,'en','Translate','Translate','general','2021-12-03 13:33:17','2021-12-03 13:33:17'),
(259,'fr','Translate','Traduire','general','2021-12-03 13:33:17','2022-01-13 15:54:30'),
(260,'ar','Translate','ترجمة','general','2021-12-03 13:33:17','2022-01-13 15:54:30'),
(261,'en','Settings','Settings','general','2021-12-03 13:42:33','2021-12-03 13:42:33'),
(262,'fr','Settings',NULL,'general','2021-12-03 13:42:33','2021-12-03 13:42:33'),
(263,'ar','Settings',NULL,'general','2021-12-03 13:42:33','2021-12-03 13:42:33'),
(264,'en','Courses Management','Courses Management','general','2021-12-03 13:52:21','2021-12-03 13:52:21'),
(265,'fr','Courses Management',NULL,'general','2021-12-03 13:52:21','2021-12-03 13:52:21'),
(266,'ar','Courses Management',NULL,'general','2021-12-03 13:52:21','2021-12-03 13:52:21'),
(267,'en','User Management','User Management','general','2021-12-03 13:52:21','2021-12-03 13:52:21'),
(268,'fr','User Management',NULL,'general','2021-12-03 13:52:21','2021-12-03 13:52:21'),
(269,'ar','User Management',NULL,'general','2021-12-03 13:52:21','2021-12-03 13:52:21'),
(270,'en','Message Management','Message Management','general','2021-12-03 13:52:21','2021-12-03 13:52:21'),
(271,'fr','Message Management','Gestion des messages','general','2021-12-03 13:52:21','2022-01-13 16:42:09'),
(272,'ar','Message Management','إدارة الرسائل','general','2021-12-03 13:52:21','2022-01-13 16:42:09'),
(273,'en','Search Results','Search Results','general','2021-12-03 14:11:46','2021-12-03 14:11:46'),
(274,'fr','Search Results','Résultats de recherche','general','2021-12-03 14:11:46','2022-01-13 14:48:09'),
(275,'ar','Search Results','نتائج البحث','general','2021-12-03 14:11:46','2022-01-13 14:48:09'),
(276,'en','Translate App','Translate App','general','2021-12-08 00:03:42','2021-12-08 00:03:42'),
(277,'fr','Translate App','Traduire l\'application','general','2021-12-08 00:03:42','2022-01-13 15:54:50'),
(278,'ar','Translate App','تطبيق الترجمة','general','2021-12-08 00:03:42','2022-01-13 15:54:50'),
(279,'en','Translate Material','Translate Material','general','2021-12-08 00:04:28','2021-12-08 00:04:28'),
(280,'fr','Translate Material',NULL,'general','2021-12-08 00:04:28','2021-12-08 00:04:28'),
(281,'ar','Translate Material',NULL,'general','2021-12-08 00:04:28','2021-12-08 00:04:28'),
(282,'en','Translate Course Material','Translate Course Material','general','2021-12-08 01:04:05','2021-12-08 01:04:05'),
(283,'fr','Translate Course Material',NULL,'general','2021-12-08 01:04:05','2021-12-08 01:04:05'),
(284,'ar','Translate Course Material',NULL,'general','2021-12-08 01:04:05','2021-12-08 01:04:05'),
(285,'en','Traning','Traning','general','2021-12-08 01:39:46','2021-12-08 01:39:46'),
(286,'fr','Traning',NULL,'general','2021-12-08 01:39:46','2021-12-08 01:39:46'),
(287,'ar','Traning',NULL,'general','2021-12-08 01:39:46','2021-12-08 01:39:46'),
(288,'en','Select Traaining','Select Traaining','general','2021-12-08 01:39:46','2021-12-08 01:39:46'),
(289,'fr','Select Traaining',NULL,'general','2021-12-08 01:39:46','2021-12-08 01:39:46'),
(290,'ar','Select Traaining',NULL,'general','2021-12-08 01:39:46','2021-12-08 01:39:46'),
(291,'en','Faculty','Faculty','general','2021-12-08 01:39:46','2021-12-08 01:39:46'),
(292,'fr','Faculty',NULL,'general','2021-12-08 01:39:46','2021-12-08 01:39:46'),
(293,'ar','Faculty',NULL,'general','2021-12-08 01:39:46','2021-12-08 01:39:46'),
(294,'en','Select Faculty','Select Faculty','general','2021-12-08 01:39:46','2021-12-08 01:39:46'),
(295,'fr','Select Faculty',NULL,'general','2021-12-08 01:39:46','2021-12-08 01:39:46'),
(296,'ar','Select Faculty',NULL,'general','2021-12-08 01:39:46','2021-12-08 01:39:46'),
(297,'en','Specialization','Specialization','general','2021-12-08 01:39:46','2021-12-08 01:39:46'),
(298,'fr','Specialization',NULL,'general','2021-12-08 01:39:46','2021-12-08 01:39:46'),
(299,'ar','Specialization',NULL,'general','2021-12-08 01:39:46','2021-12-08 01:39:46'),
(300,'en','Select Specialization','Select Specialization','general','2021-12-08 01:39:46','2021-12-08 01:39:46'),
(301,'fr','Select Specialization',NULL,'general','2021-12-08 01:39:46','2021-12-08 01:39:46'),
(302,'ar','Select Specialization',NULL,'general','2021-12-08 01:39:46','2021-12-08 01:39:46'),
(303,'en','Level','Level','general','2021-12-08 01:39:46','2021-12-08 01:39:46'),
(304,'fr','Level',NULL,'general','2021-12-08 01:39:46','2021-12-08 01:39:46'),
(305,'ar','Level',NULL,'general','2021-12-08 01:39:46','2021-12-08 01:39:46'),
(306,'en','Select Level','Select Level','general','2021-12-08 01:39:46','2021-12-08 01:39:46'),
(307,'fr','Select Level',NULL,'general','2021-12-08 01:39:46','2021-12-08 01:39:46'),
(308,'ar','Select Level',NULL,'general','2021-12-08 01:39:46','2021-12-08 01:39:46'),
(309,'en','Course','Course','general','2021-12-08 01:39:46','2021-12-08 01:39:46'),
(310,'fr','Course',NULL,'general','2021-12-08 01:39:46','2021-12-08 01:39:46'),
(311,'ar','Course',NULL,'general','2021-12-08 01:39:46','2021-12-08 01:39:46'),
(312,'en','Select Course','Select Course','general','2021-12-08 01:39:46','2021-12-08 01:39:46'),
(313,'fr','Select Course',NULL,'general','2021-12-08 01:39:46','2021-12-08 01:39:46'),
(314,'ar','Select Course',NULL,'general','2021-12-08 01:39:46','2021-12-08 01:39:46'),
(315,'en','Select Training','Select Training','general','2021-12-09 01:56:03','2021-12-09 01:56:03'),
(316,'fr','Select Training',NULL,'general','2021-12-09 01:56:03','2021-12-09 01:56:03'),
(317,'ar','Select Training',NULL,'general','2021-12-09 01:56:03','2021-12-09 01:56:03'),
(318,'en','New','New','general','2021-12-09 01:57:56','2021-12-09 01:57:56'),
(319,'fr','New',NULL,'general','2021-12-09 01:57:56','2021-12-09 01:57:56'),
(320,'ar','New',NULL,'general','2021-12-09 01:57:56','2021-12-09 01:57:56'),
(321,'en','All Trainings','All Trainings','general','2021-12-10 01:14:30','2021-12-10 01:14:30'),
(322,'fr','All Trainings',NULL,'general','2021-12-10 01:14:30','2021-12-10 01:14:30'),
(323,'ar','All Trainings',NULL,'general','2021-12-10 01:14:30','2021-12-10 01:14:30'),
(324,'en','All Faculties','All Faculties','general','2021-12-10 01:15:33','2021-12-10 01:15:33'),
(325,'fr','All Faculties',NULL,'general','2021-12-10 01:15:33','2021-12-10 01:15:33'),
(326,'ar','All Faculties',NULL,'general','2021-12-10 01:15:33','2021-12-10 01:15:33'),
(327,'en','All Specializations','All Specializations','general','2021-12-10 01:15:43','2021-12-10 01:15:43'),
(328,'fr','All Specializations',NULL,'general','2021-12-10 01:15:43','2021-12-10 01:15:43'),
(329,'ar','All Specializations',NULL,'general','2021-12-10 01:15:43','2021-12-10 01:15:43'),
(330,'en','Exercise','Exercise','general','2021-12-10 02:09:45','2021-12-10 02:09:45'),
(331,'fr','Exercise',NULL,'general','2021-12-10 02:09:45','2021-12-10 02:09:45'),
(332,'ar','Exercise',NULL,'general','2021-12-10 02:09:45','2021-12-10 02:09:45'),
(333,'en','Exam','Exam','general','2021-12-10 02:09:45','2021-12-10 02:09:45'),
(334,'fr','Exam',NULL,'general','2021-12-10 02:09:45','2021-12-10 02:09:45'),
(335,'ar','Exam',NULL,'general','2021-12-10 02:09:45','2021-12-10 02:09:45'),
(336,'en','Course Path','Course Path','general','2021-12-10 02:13:33','2021-12-10 02:13:33'),
(337,'fr','Course Path',NULL,'general','2021-12-10 02:13:33','2021-12-10 02:13:33'),
(338,'ar','Course Path',NULL,'general','2021-12-10 02:13:33','2021-12-10 02:13:33'),
(339,'en','Ads Management','Ads Management','general','2021-12-10 02:35:39','2021-12-10 02:35:39'),
(340,'fr','Ads Management',NULL,'general','2021-12-10 02:35:39','2021-12-10 02:35:39'),
(341,'ar','Ads Management',NULL,'general','2021-12-10 02:35:39','2021-12-10 02:35:39'),
(342,'en','Belongs To : ','Belongs To : ','general','2021-12-10 02:37:23','2021-12-10 02:37:23'),
(343,'fr','Belongs To : ',NULL,'general','2021-12-10 02:37:23','2021-12-10 02:37:23'),
(344,'ar','Belongs To : ',NULL,'general','2021-12-10 02:37:23','2021-12-10 02:37:23'),
(345,'en','File Information','File Information','general','2021-12-10 04:05:19','2021-12-10 04:05:19'),
(346,'fr','File Information',NULL,'general','2021-12-10 04:05:19','2021-12-10 04:05:19'),
(347,'ar','File Information',NULL,'general','2021-12-10 04:05:20','2021-12-10 04:05:20'),
(348,'en','File','File','general','2021-12-10 04:05:33','2021-12-10 04:05:33'),
(349,'fr','File',NULL,'general','2021-12-10 04:05:33','2021-12-10 04:05:33'),
(350,'ar','File',NULL,'general','2021-12-10 04:05:33','2021-12-10 04:05:33'),
(351,'en','Name','Name','general','2021-12-10 04:17:09','2021-12-10 04:17:09'),
(352,'fr','Name',NULL,'general','2021-12-10 04:17:09','2021-12-10 04:17:09'),
(353,'ar','Name',NULL,'general','2021-12-10 04:17:09','2021-12-10 04:17:09'),
(354,'en','Type','Type','general','2021-12-10 04:17:09','2021-12-10 04:17:09'),
(355,'fr','Type',NULL,'general','2021-12-10 04:17:09','2021-12-10 04:17:09'),
(356,'ar','Type',NULL,'general','2021-12-10 04:17:09','2021-12-10 04:17:09'),
(357,'en','Size','Size','general','2021-12-10 04:17:09','2021-12-10 04:17:09'),
(358,'fr','Size',NULL,'general','2021-12-10 04:17:09','2021-12-10 04:17:09'),
(359,'ar','Size',NULL,'general','2021-12-10 04:17:09','2021-12-10 04:17:09'),
(360,'en','Symbol','Symbol','general','2021-12-10 05:31:46','2021-12-10 05:31:46'),
(361,'fr','Symbol',NULL,'general','2021-12-10 05:31:46','2021-12-10 05:31:46'),
(362,'ar','Symbol',NULL,'general','2021-12-10 05:31:46','2021-12-10 05:31:46'),
(363,'en','English','English','general','2021-12-10 05:31:46','2021-12-10 05:31:46'),
(364,'fr','English',NULL,'general','2021-12-10 05:31:46','2021-12-10 05:31:46'),
(365,'ar','English',NULL,'general','2021-12-10 05:31:46','2021-12-10 05:31:46'),
(366,'en','Franch','Franch','general','2021-12-10 05:31:46','2021-12-10 05:31:46'),
(367,'fr','Franch',NULL,'general','2021-12-10 05:31:46','2021-12-10 05:31:46'),
(368,'ar','Franch',NULL,'general','2021-12-10 05:31:46','2021-12-10 05:31:46'),
(369,'en','Arabic','Arabic','general','2021-12-10 05:31:46','2021-12-10 05:31:46'),
(370,'fr','Arabic',NULL,'general','2021-12-10 05:31:46','2021-12-10 05:31:46'),
(371,'ar','Arabic',NULL,'general','2021-12-10 05:31:46','2021-12-10 05:31:46'),
(372,'en','All Course Files','All Course Files','general','2021-12-10 05:38:10','2021-12-10 05:38:10'),
(373,'fr','All Course Files',NULL,'general','2021-12-10 05:38:11','2021-12-10 05:38:11'),
(374,'ar','All Course Files',NULL,'general','2021-12-10 05:38:11','2021-12-10 05:38:11'),
(375,'en','All Files','All Files','general','2021-12-10 05:39:27','2021-12-10 05:39:27'),
(376,'fr','All Files',NULL,'general','2021-12-10 05:39:28','2021-12-10 05:39:28'),
(377,'ar','All Files',NULL,'general','2021-12-10 05:39:28','2021-12-10 05:39:28'),
(378,'en','Photo','Photo','general','2021-12-11 01:13:20','2021-12-11 01:13:20'),
(379,'fr','Photo',NULL,'general','2021-12-11 01:13:20','2021-12-11 01:13:20'),
(380,'ar','Photo',NULL,'general','2021-12-11 01:13:20','2021-12-11 01:13:20'),
(381,'en','role','role','general','2021-12-11 01:13:20','2021-12-11 01:13:20'),
(382,'fr','role',NULL,'general','2021-12-11 01:13:20','2021-12-11 01:13:20'),
(383,'ar','role',NULL,'general','2021-12-11 01:13:20','2021-12-11 01:13:20'),
(384,'en','Creation Date','Creation Date','general','2021-12-11 01:13:20','2021-12-11 01:13:20'),
(385,'fr','Creation Date',NULL,'general','2021-12-11 01:13:20','2021-12-11 01:13:20'),
(386,'ar','Creation Date',NULL,'general','2021-12-11 01:13:20','2021-12-11 01:13:20'),
(387,'en','Confirm','Confirm','general','2021-12-11 01:45:50','2021-12-11 01:45:50'),
(388,'fr','Confirm',NULL,'general','2021-12-11 01:45:50','2021-12-11 01:45:50'),
(389,'ar','Confirm',NULL,'general','2021-12-11 01:45:50','2021-12-11 01:45:50'),
(390,'en','User Information','User Information','general','2021-12-11 01:59:39','2021-12-11 01:59:39'),
(391,'fr','User Information',NULL,'general','2021-12-11 01:59:39','2021-12-11 01:59:39'),
(392,'ar','User Information',NULL,'general','2021-12-11 01:59:39','2021-12-11 01:59:39'),
(393,'en','Collections','Collections','general','2021-12-11 04:21:25','2021-12-11 04:21:25'),
(394,'fr','Collections',NULL,'general','2021-12-11 04:21:25','2021-12-11 04:21:25'),
(395,'ar','Collections',NULL,'general','2021-12-11 04:21:25','2021-12-11 04:21:25'),
(396,'en','copy shared url','copy shared url','general','2021-12-11 04:30:53','2021-12-11 04:30:53'),
(397,'fr','copy shared url',NULL,'general','2021-12-11 04:30:53','2021-12-11 04:30:53'),
(398,'ar','copy shared url',NULL,'general','2021-12-11 04:30:53','2021-12-11 04:30:53'),
(399,'en','delete this collection','delete this collection','general','2021-12-11 04:31:54','2021-12-11 04:31:54'),
(400,'fr','delete this collection',NULL,'general','2021-12-11 04:31:54','2021-12-11 04:31:54'),
(401,'ar','delete this collection',NULL,'general','2021-12-11 04:31:54','2021-12-11 04:31:54'),
(402,'en','Courses List','Courses List','general','2021-12-11 05:09:41','2021-12-11 05:09:41'),
(403,'fr','Courses List',NULL,'general','2021-12-11 05:09:41','2021-12-11 05:09:41'),
(404,'ar','Courses List',NULL,'general','2021-12-11 05:09:41','2021-12-11 05:09:41'),
(405,'en','Course List','Course List','general','2021-12-11 05:09:50','2021-12-11 05:09:50'),
(406,'fr','Course List',NULL,'general','2021-12-11 05:09:50','2021-12-11 05:09:50'),
(407,'ar','Course List',NULL,'general','2021-12-11 05:09:51','2021-12-11 05:09:51'),
(408,'en','Collection Information','Collection Information','general','2021-12-11 05:16:14','2021-12-11 05:16:14'),
(409,'fr','Collection Information',NULL,'general','2021-12-11 05:16:14','2021-12-11 05:16:14'),
(410,'ar','Collection Information',NULL,'general','2021-12-11 05:16:15','2021-12-11 05:16:15'),
(411,'en','Collection Files','Collection Files','general','2021-12-11 05:16:15','2021-12-11 05:16:15'),
(412,'fr','Collection Files',NULL,'general','2021-12-11 05:16:15','2021-12-11 05:16:15'),
(413,'ar','Collection Files',NULL,'general','2021-12-11 05:16:15','2021-12-11 05:16:15'),
(414,'en','Description','Description','general','2021-12-11 05:55:27','2021-12-11 05:55:27'),
(415,'fr','Description',NULL,'general','2021-12-11 05:55:27','2021-12-11 05:55:27'),
(416,'ar','Description',NULL,'general','2021-12-11 05:55:27','2021-12-11 05:55:27'),
(417,'en','Save','Save','general','2021-12-11 06:53:05','2021-12-11 06:53:05'),
(418,'fr','Save',NULL,'general','2021-12-11 06:53:05','2021-12-11 06:53:05'),
(419,'ar','Save',NULL,'general','2021-12-11 06:53:06','2021-12-11 06:53:06'),
(420,'en','File Name','File Name','general','2021-12-11 07:47:55','2021-12-11 07:47:55'),
(421,'fr','File Name',NULL,'general','2021-12-11 07:47:55','2021-12-11 07:47:55'),
(422,'ar','File Name',NULL,'general','2021-12-11 07:47:55','2021-12-11 07:47:55'),
(423,'en','tr','tr','general','2021-12-11 07:48:02','2021-12-11 07:48:02'),
(424,'fr','tr',NULL,'general','2021-12-11 07:48:02','2021-12-11 07:48:02'),
(425,'ar','tr',NULL,'general','2021-12-11 07:48:02','2021-12-11 07:48:02'),
(426,'en','delete this course file','delete this course file','general','2021-12-13 01:12:22','2021-12-13 01:12:22'),
(427,'fr','delete this course file',NULL,'general','2021-12-13 01:12:23','2021-12-13 01:12:23'),
(428,'ar','delete this course file',NULL,'general','2021-12-13 01:12:23','2021-12-13 01:12:23'),
(429,'en','New Course file','New Course file','general','2021-12-13 01:20:04','2021-12-13 01:20:04'),
(430,'fr','New Course file',NULL,'general','2021-12-13 01:20:04','2021-12-13 01:20:04'),
(431,'ar','New Course file',NULL,'general','2021-12-13 01:20:04','2021-12-13 01:20:04'),
(432,'en','File Title','File Title','general','2021-12-13 01:40:36','2021-12-13 01:40:36'),
(433,'fr','File Title',NULL,'general','2021-12-13 01:40:36','2021-12-13 01:40:36'),
(434,'ar','File Title',NULL,'general','2021-12-13 01:40:36','2021-12-13 01:40:36'),
(435,'en','Add to Collection','Add to Collection','general','2021-12-13 01:58:36','2021-12-13 01:58:36'),
(436,'fr','Add to Collection',NULL,'general','2021-12-13 01:58:36','2021-12-13 01:58:36'),
(437,'ar','Add to Collection',NULL,'general','2021-12-13 01:58:36','2021-12-13 01:58:36'),
(438,'en','Attach this file to a collection','Attach this file to a collection','general','2021-12-13 02:03:39','2021-12-13 02:03:39'),
(439,'fr','Attach this file to a collection',NULL,'general','2021-12-13 02:03:39','2021-12-13 02:03:39'),
(440,'ar','Attach this file to a collection',NULL,'general','2021-12-13 02:03:39','2021-12-13 02:03:39'),
(441,'en','Select Collection to add this file','Select Collection to add this file','general','2021-12-13 02:03:39','2021-12-13 02:03:39'),
(442,'fr','Select Collection to add this file',NULL,'general','2021-12-13 02:03:39','2021-12-13 02:03:39'),
(443,'ar','Select Collection to add this file',NULL,'general','2021-12-13 02:03:39','2021-12-13 02:03:39'),
(444,'en','add this file to a collection','add this file to a collection','general','2021-12-13 02:04:06','2021-12-13 02:04:06'),
(445,'fr','add this file to a collection',NULL,'general','2021-12-13 02:04:06','2021-12-13 02:04:06'),
(446,'ar','add this file to a collection',NULL,'general','2021-12-13 02:04:06','2021-12-13 02:04:06'),
(447,'en','select collection','select collection','general','2021-12-13 02:23:15','2021-12-13 02:23:15'),
(448,'fr','select collection',NULL,'general','2021-12-13 02:23:15','2021-12-13 02:23:15'),
(449,'ar','select collection',NULL,'general','2021-12-13 02:23:16','2021-12-13 02:23:16'),
(450,'en','Alert','Alert','general','2021-12-14 18:10:13','2021-12-14 18:10:13'),
(451,'fr','Alert',NULL,'general','2021-12-14 18:10:13','2021-12-14 18:10:13'),
(452,'ar','Alert',NULL,'general','2021-12-14 18:10:13','2021-12-14 18:10:13'),
(453,'en','ok','ok','general','2021-12-14 18:10:13','2021-12-14 18:10:13'),
(454,'fr','ok',NULL,'general','2021-12-14 18:10:13','2021-12-14 18:10:13'),
(455,'ar','ok',NULL,'general','2021-12-14 18:10:13','2021-12-14 18:10:13'),
(456,'en','Are you sure?','Are you sure?','general','2021-12-14 18:10:28','2021-12-14 18:10:28'),
(457,'fr','Are you sure?',NULL,'general','2021-12-14 18:10:28','2021-12-14 18:10:28'),
(458,'ar','Are you sure?',NULL,'general','2021-12-14 18:10:28','2021-12-14 18:10:28'),
(459,'en','translate this material','translate this material','general','2021-12-16 02:57:08','2021-12-16 02:57:08'),
(460,'fr','translate this material',NULL,'general','2021-12-16 02:57:08','2021-12-16 02:57:08'),
(461,'ar','translate this material',NULL,'general','2021-12-16 02:57:08','2021-12-16 02:57:08'),
(462,'en','123Collection Information','123Collection Information','general','2021-12-16 03:11:31','2021-12-16 03:11:31'),
(463,'fr','123Collection Information',NULL,'general','2021-12-16 03:11:31','2021-12-16 03:11:31'),
(464,'ar','123Collection Information',NULL,'general','2021-12-16 03:11:31','2021-12-16 03:11:31'),
(465,'en','Translate Material Information','Translate Material Information','general','2021-12-16 04:42:23','2021-12-16 04:42:23'),
(466,'fr','Translate Material Information',NULL,'general','2021-12-16 04:42:23','2021-12-16 04:42:23'),
(467,'ar','Translate Material Information',NULL,'general','2021-12-16 04:42:23','2021-12-16 04:42:23'),
(468,'en','Translate Title','Translate Title','general','2021-12-16 04:42:23','2021-12-16 04:42:23'),
(469,'fr','Translate Title',NULL,'general','2021-12-16 04:42:23','2021-12-16 04:42:23'),
(470,'ar','Translate Title',NULL,'general','2021-12-16 04:42:23','2021-12-16 04:42:23'),
(471,'en','Translate material language.','Translate material language.','general','2021-12-16 05:20:08','2021-12-16 05:20:08'),
(472,'fr','Translate material language.',NULL,'general','2021-12-16 05:20:08','2021-12-16 05:20:08'),
(473,'ar','Translate material language.',NULL,'general','2021-12-16 05:20:08','2021-12-16 05:20:08'),
(474,'en','Material Title','Material Title','general','2021-12-16 05:20:08','2021-12-16 05:20:08'),
(475,'fr','Material Title',NULL,'general','2021-12-16 05:20:08','2021-12-16 05:20:08'),
(476,'ar','Material Title',NULL,'general','2021-12-16 05:20:08','2021-12-16 05:20:08'),
(477,'en','Material Description','Material Description','general','2021-12-16 06:37:26','2021-12-16 06:37:26'),
(478,'fr','Material Description',NULL,'general','2021-12-16 06:37:26','2021-12-16 06:37:26'),
(479,'ar','Material Description',NULL,'general','2021-12-16 06:37:26','2021-12-16 06:37:26'),
(480,'en','Material Lanuguage en','Material Lanuguage en','general','2021-12-16 06:37:26','2021-12-16 06:37:26'),
(481,'fr','Material Lanuguage en',NULL,'general','2021-12-16 06:37:26','2021-12-16 06:37:26'),
(482,'ar','Material Lanuguage en',NULL,'general','2021-12-16 06:37:26','2021-12-16 06:37:26'),
(483,'en','Material Lanuguage fr','Material Lanuguage fr','general','2021-12-16 06:37:26','2021-12-16 06:37:26'),
(484,'fr','Material Lanuguage fr',NULL,'general','2021-12-16 06:37:26','2021-12-16 06:37:26'),
(485,'ar','Material Lanuguage fr',NULL,'general','2021-12-16 06:37:26','2021-12-16 06:37:26'),
(486,'en','Material Lanuguage ar','Material Lanuguage ar','general','2021-12-16 06:37:26','2021-12-16 06:37:26'),
(487,'fr','Material Lanuguage ar',NULL,'general','2021-12-16 06:37:26','2021-12-16 06:37:26'),
(488,'ar','Material Lanuguage ar',NULL,'general','2021-12-16 06:37:26','2021-12-16 06:37:26'),
(489,'en','EN Title','EN Title','general','2021-12-16 07:37:37','2021-12-16 07:37:37'),
(490,'fr','EN Title',NULL,'general','2021-12-16 07:37:37','2021-12-16 07:37:37'),
(491,'ar','EN Title',NULL,'general','2021-12-16 07:37:37','2021-12-16 07:37:37'),
(492,'en','EN Description','EN Description','general','2021-12-16 07:37:37','2021-12-16 07:37:37'),
(493,'fr','EN Description',NULL,'general','2021-12-16 07:37:37','2021-12-16 07:37:37'),
(494,'ar','EN Description',NULL,'general','2021-12-16 07:37:37','2021-12-16 07:37:37'),
(495,'en','FR Title','FR Title','general','2021-12-16 07:37:37','2021-12-16 07:37:37'),
(496,'fr','FR Title',NULL,'general','2021-12-16 07:37:37','2021-12-16 07:37:37'),
(497,'ar','FR Title',NULL,'general','2021-12-16 07:37:37','2021-12-16 07:37:37'),
(498,'en','FR Description','FR Description','general','2021-12-16 07:37:38','2021-12-16 07:37:38'),
(499,'fr','FR Description',NULL,'general','2021-12-16 07:37:38','2021-12-16 07:37:38'),
(500,'ar','FR Description',NULL,'general','2021-12-16 07:37:38','2021-12-16 07:37:38'),
(501,'en','AR Title','AR Title','general','2021-12-16 07:37:38','2021-12-16 07:37:38'),
(502,'fr','AR Title',NULL,'general','2021-12-16 07:37:38','2021-12-16 07:37:38'),
(503,'ar','AR Title',NULL,'general','2021-12-16 07:37:38','2021-12-16 07:37:38'),
(504,'en','AR Description','AR Description','general','2021-12-16 07:37:38','2021-12-16 07:37:38'),
(505,'fr','AR Description',NULL,'general','2021-12-16 07:37:38','2021-12-16 07:37:38'),
(506,'ar','AR Description',NULL,'general','2021-12-16 07:37:38','2021-12-16 07:37:38'),
(507,'en','Translate material.','Translate material.','general','2021-12-16 08:22:34','2021-12-16 08:22:34'),
(508,'fr','Translate material.',NULL,'general','2021-12-16 08:22:34','2021-12-16 08:22:34'),
(509,'ar','Translate material.',NULL,'general','2021-12-16 08:22:34','2021-12-16 08:22:34'),
(510,'fr','Blog Description','Description du blog','general','2021-12-17 00:33:50','2021-12-17 00:33:50'),
(511,'en','page','page','general','2021-12-17 02:13:20','2021-12-17 02:13:20'),
(512,'fr','page',NULL,'general','2021-12-17 02:13:20','2021-12-17 02:13:20'),
(513,'ar','page',NULL,'general','2021-12-17 02:13:21','2021-12-17 02:13:21'),
(514,'en','go to : ','go to : ','general','2021-12-17 02:15:36','2021-12-17 02:15:36'),
(515,'fr','go to : ',NULL,'general','2021-12-17 02:15:36','2021-12-17 02:15:36'),
(516,'ar','go to : ',NULL,'general','2021-12-17 02:15:36','2021-12-17 02:15:36'),
(517,'en','Site Settings','Site Settings','general','2021-12-17 03:28:08','2021-12-17 03:28:08'),
(518,'fr','Site Settings',NULL,'general','2021-12-17 03:28:08','2021-12-17 03:28:08'),
(519,'ar','Site Settings',NULL,'general','2021-12-17 03:28:08','2021-12-17 03:28:08'),
(520,'en','manager email','manager email','general','2021-12-17 03:37:49','2021-12-17 03:37:49'),
(521,'fr','manager email',NULL,'general','2021-12-17 03:37:49','2021-12-17 03:37:49'),
(522,'ar','manager email',NULL,'general','2021-12-17 03:37:49','2021-12-17 03:37:49'),
(523,'en','administrator email','administrator email','general','2021-12-17 05:37:15','2021-12-17 05:37:15'),
(524,'fr','administrator email',NULL,'general','2021-12-17 05:37:15','2021-12-17 05:37:15'),
(525,'ar','administrator email',NULL,'general','2021-12-17 05:37:15','2021-12-17 05:37:15'),
(526,'en','The file for advertise 1 cannot be empty.','The file for advertise 1 cannot be empty.','general','2021-12-17 07:22:04','2021-12-17 07:22:04'),
(527,'fr','The file for advertise 1 cannot be empty.',NULL,'general','2021-12-17 07:22:04','2021-12-17 07:22:04'),
(528,'ar','The file for advertise 1 cannot be empty.',NULL,'general','2021-12-17 07:22:04','2021-12-17 07:22:04'),
(529,'en','The link address for advertise 1 cannot be empty.','The link address for advertise 1 cannot be empty.','general','2021-12-17 07:22:04','2021-12-17 07:22:04'),
(530,'fr','The link address for advertise 1 cannot be empty.',NULL,'general','2021-12-17 07:22:04','2021-12-17 07:22:04'),
(531,'ar','The link address for advertise 1 cannot be empty.',NULL,'general','2021-12-17 07:22:04','2021-12-17 07:22:04'),
(532,'en','The file for advertise 2 cannot be empty.','The file for advertise 2 cannot be empty.','general','2021-12-17 07:22:04','2021-12-17 07:22:04'),
(533,'fr','The file for advertise 2 cannot be empty.',NULL,'general','2021-12-17 07:22:04','2021-12-17 07:22:04'),
(534,'ar','The file for advertise 2 cannot be empty.',NULL,'general','2021-12-17 07:22:04','2021-12-17 07:22:04'),
(535,'en','The link address for advertise 2 cannot be empty.','The link address for advertise 2 cannot be empty.','general','2021-12-17 07:22:04','2021-12-17 07:22:04'),
(536,'fr','The link address for advertise 2 cannot be empty.',NULL,'general','2021-12-17 07:22:04','2021-12-17 07:22:04'),
(537,'ar','The link address for advertise 2 cannot be empty.',NULL,'general','2021-12-17 07:22:04','2021-12-17 07:22:04'),
(538,'en','The file for advertise 3 cannot be empty.','The file for advertise 3 cannot be empty.','general','2021-12-17 07:22:04','2021-12-17 07:22:04'),
(539,'fr','The file for advertise 3 cannot be empty.',NULL,'general','2021-12-17 07:22:04','2021-12-17 07:22:04'),
(540,'ar','The file for advertise 3 cannot be empty.',NULL,'general','2021-12-17 07:22:04','2021-12-17 07:22:04'),
(541,'en','The link address for advertise 3 cannot be empty.','The link address for advertise 3 cannot be empty.','general','2021-12-17 07:22:04','2021-12-17 07:22:04'),
(542,'fr','The link address for advertise 3 cannot be empty.',NULL,'general','2021-12-17 07:22:04','2021-12-17 07:22:04'),
(543,'ar','The link address for advertise 3 cannot be empty.',NULL,'general','2021-12-17 07:22:04','2021-12-17 07:22:04'),
(544,'en','Notice','Notice','general','2021-12-17 07:40:35','2021-12-17 07:40:35'),
(545,'fr','Notice',NULL,'general','2021-12-17 07:40:35','2021-12-17 07:40:35'),
(546,'ar','Notice',NULL,'general','2021-12-17 07:40:35','2021-12-17 07:40:35'),
(547,'en','Send Message','Send Message','general','2021-12-17 08:45:36','2021-12-17 08:45:36'),
(548,'fr','Send Message','Envoyer le message','general','2021-12-17 08:45:36','2022-01-13 15:58:41'),
(549,'ar','Send Message','أرسل رسالة','general','2021-12-17 08:45:36','2022-01-13 15:58:42'),
(550,'en','Say something about yourself','Say something about yourself','general','2021-12-17 09:22:50','2021-12-17 09:22:50'),
(551,'fr','Say something about yourself',NULL,'general','2021-12-17 09:22:50','2021-12-17 09:22:50'),
(552,'ar','Say something about yourself',NULL,'general','2021-12-17 09:22:50','2021-12-17 09:22:50'),
(553,'en','Your profile information have been successfuly saved!','Your profile information have been successfuly saved!','general','2021-12-17 09:36:54','2021-12-17 09:36:54'),
(554,'fr','Your profile information have been successfuly saved!',NULL,'general','2021-12-17 09:36:54','2021-12-17 09:36:54'),
(555,'ar','Your profile information have been successfuly saved!',NULL,'general','2021-12-17 09:36:54','2021-12-17 09:36:54'),
(556,'en','Univercity','Univercity','general','2021-12-17 09:48:32','2021-12-17 09:48:32'),
(557,'fr','Univercity',NULL,'general','2021-12-17 09:48:32','2021-12-17 09:48:32'),
(558,'ar','Univercity',NULL,'general','2021-12-17 09:48:32','2021-12-17 09:48:32'),
(559,'en','univercity name','univercity name','general','2021-12-17 09:48:33','2021-12-17 09:48:33'),
(560,'fr','univercity name',NULL,'general','2021-12-17 09:48:33','2021-12-17 09:48:33'),
(561,'ar','univercity name',NULL,'general','2021-12-17 09:48:33','2021-12-17 09:48:33'),
(562,'en','The location must be at least 3 characters.','The location must be at least 3 characters.','general','2021-12-17 09:49:58','2021-12-17 09:49:58'),
(563,'fr','The location must be at least 3 characters.',NULL,'general','2021-12-17 09:49:58','2021-12-17 09:49:58'),
(564,'ar','The location must be at least 3 characters.',NULL,'general','2021-12-17 09:49:58','2021-12-17 09:49:58'),
(565,'en','Shared Collections for me','Shared Collections for me','general','2021-12-17 09:56:12','2021-12-17 09:56:12'),
(566,'fr','Shared Collections for me',NULL,'general','2021-12-17 09:56:12','2021-12-17 09:56:12'),
(567,'ar','Shared Collections for me',NULL,'general','2021-12-17 09:56:12','2021-12-17 09:56:12'),
(568,'en','Shared Date','Shared Date','general','2021-12-17 10:23:05','2021-12-17 10:23:05'),
(569,'fr','Shared Date',NULL,'general','2021-12-17 10:23:05','2021-12-17 10:23:05'),
(570,'ar','Shared Date',NULL,'general','2021-12-17 10:23:05','2021-12-17 10:23:05'),
(571,'en','discard this collection?','discard this collection?','general','2021-12-17 10:24:35','2021-12-17 10:24:35'),
(572,'fr','discard this collection?',NULL,'general','2021-12-17 10:24:35','2021-12-17 10:24:35'),
(573,'ar','discard this collection?',NULL,'general','2021-12-17 10:24:35','2021-12-17 10:24:35'),
(574,'en','discard this collection share?','discard this collection share?','general','2021-12-17 11:50:35','2021-12-17 11:50:35'),
(575,'fr','discard this collection share?',NULL,'general','2021-12-17 11:50:35','2021-12-17 11:50:35'),
(576,'ar','discard this collection share?',NULL,'general','2021-12-17 11:50:35','2021-12-17 11:50:35'),
(577,'en','Categories','Categories','general','2021-12-20 00:41:05','2021-12-20 00:41:05'),
(578,'fr','Categories',NULL,'general','2021-12-20 00:41:05','2021-12-20 00:41:05'),
(579,'ar','Categories',NULL,'general','2021-12-20 00:41:05','2021-12-20 00:41:05'),
(580,'en','Are you sure to delete this user?','Are you sure to delete this user?','general','2021-12-20 05:07:50','2021-12-20 05:07:50'),
(581,'fr','Are you sure to delete this user?',NULL,'general','2021-12-20 05:07:50','2021-12-20 05:07:50'),
(582,'ar','Are you sure to delete this user?',NULL,'general','2021-12-20 05:07:50','2021-12-20 05:07:50'),
(583,'en','University Name','University Name','general','2021-12-20 05:13:07','2021-12-20 05:13:07'),
(584,'fr','University Name',NULL,'general','2021-12-20 05:13:08','2021-12-20 05:13:08'),
(585,'ar','University Name',NULL,'general','2021-12-20 05:13:08','2021-12-20 05:13:08'),
(586,'en','About Me','About Me','general','2021-12-20 05:13:08','2021-12-20 05:13:08'),
(587,'fr','About Me',NULL,'general','2021-12-20 05:13:08','2021-12-20 05:13:08'),
(588,'ar','About Me',NULL,'general','2021-12-20 05:13:08','2021-12-20 05:13:08'),
(589,'en','user','user','general','2021-12-20 05:13:08','2021-12-20 05:13:08'),
(590,'fr','user',NULL,'general','2021-12-20 05:13:08','2021-12-20 05:13:08'),
(591,'ar','user',NULL,'general','2021-12-20 05:13:08','2021-12-20 05:13:08'),
(592,'en','staff','staff','general','2021-12-20 05:13:08','2021-12-20 05:13:08'),
(593,'fr','staff',NULL,'general','2021-12-20 05:13:08','2021-12-20 05:13:08'),
(594,'ar','staff',NULL,'general','2021-12-20 05:13:08','2021-12-20 05:13:08'),
(595,'en','User Role','User Role','general','2021-12-20 05:13:22','2021-12-20 05:13:22'),
(596,'fr','User Role',NULL,'general','2021-12-20 05:13:22','2021-12-20 05:13:22'),
(597,'ar','User Role',NULL,'general','2021-12-20 05:13:22','2021-12-20 05:13:22'),
(598,'en','Cancel','Cancel','general','2021-12-21 01:35:14','2021-12-21 01:35:14'),
(599,'fr','Cancel',NULL,'general','2021-12-21 01:35:14','2021-12-21 01:35:14'),
(600,'ar','Cancel',NULL,'general','2021-12-21 01:35:14','2021-12-21 01:35:14'),
(601,'en','admin','admin','general','2021-12-21 01:36:38','2021-12-21 01:36:38'),
(602,'fr','admin',NULL,'general','2021-12-21 01:36:38','2021-12-21 01:36:38'),
(603,'ar','admin',NULL,'general','2021-12-21 01:36:38','2021-12-21 01:36:38'),
(604,'en','Please select','Please select','general','2021-12-21 01:59:29','2021-12-21 01:59:29'),
(605,'fr','Please select',NULL,'general','2021-12-21 01:59:29','2021-12-21 01:59:29'),
(606,'ar','Please select',NULL,'general','2021-12-21 01:59:29','2021-12-21 01:59:29'),
(607,'en','The user univercity name length cannot be less than 3 characters.','The user univercity name length cannot be less than 3 characters.','general','2021-12-22 15:51:42','2021-12-22 15:51:42'),
(608,'fr','The user univercity name length cannot be less than 3 characters.',NULL,'general','2021-12-22 15:51:42','2021-12-22 15:51:42'),
(609,'ar','The user univercity name length cannot be less than 3 characters.',NULL,'general','2021-12-22 15:51:42','2021-12-22 15:51:42'),
(610,'en','The user phone can be allow only numeric.','The user phone can be allow only numeric.','general','2021-12-22 15:53:32','2021-12-22 15:53:32'),
(611,'fr','The user phone can be allow only numeric.',NULL,'general','2021-12-22 15:53:32','2021-12-22 15:53:32'),
(612,'ar','The user phone can be allow only numeric.',NULL,'general','2021-12-22 15:53:32','2021-12-22 15:53:32'),
(613,'en','The user phone length cannot be over than 12 digits.','The user phone length cannot be over than 12 digits.','general','2021-12-22 15:53:39','2021-12-22 15:53:39'),
(614,'fr','The user phone length cannot be over than 12 digits.',NULL,'general','2021-12-22 15:53:39','2021-12-22 15:53:39'),
(615,'ar','The user phone length cannot be over than 12 digits.',NULL,'general','2021-12-22 15:53:39','2021-12-22 15:53:39'),
(616,'en','The user photo must be a file of type: .','The user photo must be a file of type: .','general','2021-12-22 16:07:46','2021-12-22 16:07:46'),
(617,'fr','The user photo must be a file of type: .',NULL,'general','2021-12-22 16:07:46','2021-12-22 16:07:46'),
(618,'ar','The user photo must be a file of type: .',NULL,'general','2021-12-22 16:07:46','2021-12-22 16:07:46'),
(619,'en','Edit Training','Edit Training','general','2021-12-25 03:16:25','2021-12-25 03:16:25'),
(620,'fr','Edit Training',NULL,'general','2021-12-25 03:16:25','2021-12-25 03:16:25'),
(621,'ar','Edit Training',NULL,'general','2021-12-25 03:16:25','2021-12-25 03:16:25'),
(622,'en','Edit Faculty','Edit Faculty','general','2021-12-25 03:17:14','2021-12-25 03:17:14'),
(623,'fr','Edit Faculty',NULL,'general','2021-12-25 03:17:15','2021-12-25 03:17:15'),
(624,'ar','Edit Faculty',NULL,'general','2021-12-25 03:17:15','2021-12-25 03:17:15'),
(625,'en','delete','delete','general','2021-12-25 03:20:22','2021-12-25 03:20:22'),
(626,'fr','delete',NULL,'general','2021-12-25 03:20:22','2021-12-25 03:20:22'),
(627,'ar','delete',NULL,'general','2021-12-25 03:20:22','2021-12-25 03:20:22'),
(628,'en','Edit Specialization','Edit Specialization','general','2021-12-25 03:20:47','2021-12-25 03:20:47'),
(629,'fr','Edit Specialization',NULL,'general','2021-12-25 03:20:47','2021-12-25 03:20:47'),
(630,'ar','Edit Specialization',NULL,'general','2021-12-25 03:20:47','2021-12-25 03:20:47'),
(631,'en','Edit Course','Edit Course','general','2021-12-25 03:20:50','2021-12-25 03:20:50'),
(632,'fr','Edit Course',NULL,'general','2021-12-25 03:20:50','2021-12-25 03:20:50'),
(633,'ar','Edit Course',NULL,'general','2021-12-25 03:20:50','2021-12-25 03:20:50'),
(634,'en','Edit Material','Edit Material','general','2021-12-25 03:20:51','2021-12-25 03:20:51'),
(635,'fr','Edit Material',NULL,'general','2021-12-25 03:20:51','2021-12-25 03:20:51'),
(636,'ar','Edit Material',NULL,'general','2021-12-25 03:20:51','2021-12-25 03:20:51'),
(637,'en','Title','Title','general','2021-12-25 03:20:52','2021-12-25 03:20:52'),
(638,'fr','Title',NULL,'general','2021-12-25 03:20:52','2021-12-25 03:20:52'),
(639,'ar','Title',NULL,'general','2021-12-25 03:20:52','2021-12-25 03:20:52'),
(640,'en','Are you sure to delete this collection?','Are you sure to delete this collection?','general','2021-12-25 05:08:47','2021-12-25 05:08:47'),
(641,'fr','Are you sure to delete this collection?',NULL,'general','2021-12-25 05:08:47','2021-12-25 05:08:47'),
(642,'ar','Are you sure to delete this collection?',NULL,'general','2021-12-25 05:08:47','2021-12-25 05:08:47'),
(643,'en','Course file registration has been successed.','Course file registration has been successed.','general','2021-12-25 05:23:37','2021-12-25 05:23:37'),
(644,'fr','Course file registration has been successed.',NULL,'general','2021-12-25 05:23:37','2021-12-25 05:23:37'),
(645,'ar','Course file registration has been successed.',NULL,'general','2021-12-25 05:23:37','2021-12-25 05:23:37'),
(646,'en','Subject Management','Subject Management','general','2021-12-27 23:45:52','2021-12-27 23:45:52'),
(647,'fr','Subject Management',NULL,'general','2021-12-27 23:45:52','2021-12-27 23:45:52'),
(648,'ar','Subject Management',NULL,'general','2021-12-27 23:45:52','2021-12-27 23:45:52'),
(649,'en','Translate Course','Translate Course','general','2021-12-27 23:45:53','2021-12-27 23:45:53'),
(650,'fr','Translate Course',NULL,'general','2021-12-27 23:45:53','2021-12-27 23:45:53'),
(651,'ar','Translate Course',NULL,'general','2021-12-27 23:45:53','2021-12-27 23:45:53'),
(652,'en','Subject','Subject','general','2021-12-28 00:09:25','2021-12-28 00:09:25'),
(653,'fr','Subject',NULL,'general','2021-12-28 00:09:25','2021-12-28 00:09:25'),
(654,'ar','Subject',NULL,'general','2021-12-28 00:09:25','2021-12-28 00:09:25'),
(655,'en','Select Subject','Select Subject','general','2021-12-28 00:09:25','2021-12-28 00:09:25'),
(656,'fr','Select Subject',NULL,'general','2021-12-28 00:09:25','2021-12-28 00:09:25'),
(657,'ar','Select Subject',NULL,'general','2021-12-28 00:09:25','2021-12-28 00:09:25'),
(658,'en','All Subjects','All Subjects','general','2021-12-28 00:09:52','2021-12-28 00:09:52'),
(659,'fr','All Subjects',NULL,'general','2021-12-28 00:09:52','2021-12-28 00:09:52'),
(660,'ar','All Subjects',NULL,'general','2021-12-28 00:09:52','2021-12-28 00:09:52'),
(661,'en','Category Management','Category Management','general','2021-12-28 00:20:36','2021-12-28 00:20:36'),
(662,'fr','Category Management',NULL,'general','2021-12-28 00:20:36','2021-12-28 00:20:36'),
(663,'ar','Category Management',NULL,'general','2021-12-28 00:20:36','2021-12-28 00:20:36'),
(664,'en','translate this course','translate this course','general','2021-12-28 00:40:20','2021-12-28 00:40:20'),
(665,'fr','translate this course',NULL,'general','2021-12-28 00:40:20','2021-12-28 00:40:20'),
(666,'ar','translate this course',NULL,'general','2021-12-28 00:40:20','2021-12-28 00:40:20'),
(667,'en','New Specialization','New Specialization','general','2021-12-28 02:03:24','2021-12-28 02:03:24'),
(668,'fr','New Specialization',NULL,'general','2021-12-28 02:03:24','2021-12-28 02:03:24'),
(669,'ar','New Specialization',NULL,'general','2021-12-28 02:03:24','2021-12-28 02:03:24'),
(670,'en','New Subject','New Subject','general','2021-12-28 02:03:31','2021-12-28 02:03:31'),
(671,'fr','New Subject',NULL,'general','2021-12-28 02:03:31','2021-12-28 02:03:31'),
(672,'ar','New Subject',NULL,'general','2021-12-28 02:03:31','2021-12-28 02:03:31'),
(673,'en','edit this course','edit this course','general','2021-12-28 02:07:19','2021-12-28 02:07:19'),
(674,'fr','edit this course',NULL,'general','2021-12-28 02:07:19','2021-12-28 02:07:19'),
(675,'ar','edit this course',NULL,'general','2021-12-28 02:07:19','2021-12-28 02:07:19'),
(676,'en','Are you sure to delete?','Are you sure to delete?','general','2021-12-28 03:13:58','2021-12-28 03:13:58'),
(677,'fr','Are you sure to delete?',NULL,'general','2021-12-28 03:13:58','2021-12-28 03:13:58'),
(678,'ar','Are you sure to delete?',NULL,'general','2021-12-28 03:13:58','2021-12-28 03:13:58'),
(679,'en','Are you sure to edit this course?','Are you sure to edit this course?','general','2021-12-28 03:14:05','2021-12-28 03:14:05'),
(680,'fr','Are you sure to edit this course?',NULL,'general','2021-12-28 03:14:05','2021-12-28 03:14:05'),
(681,'ar','Are you sure to edit this course?',NULL,'general','2021-12-28 03:14:05','2021-12-28 03:14:05'),
(682,'en','Specialization Info','Specialization Info','general','2021-12-28 03:20:40','2021-12-28 03:20:40'),
(683,'fr','Specialization Info',NULL,'general','2021-12-28 03:20:40','2021-12-28 03:20:40'),
(684,'ar','Specialization Info',NULL,'general','2021-12-28 03:20:40','2021-12-28 03:20:40'),
(685,'en','Training Info','Training Info','general','2021-12-28 03:21:08','2021-12-28 03:21:08'),
(686,'fr','Training Info',NULL,'general','2021-12-28 03:21:08','2021-12-28 03:21:08'),
(687,'ar','Training Info',NULL,'general','2021-12-28 03:21:08','2021-12-28 03:21:08'),
(688,'en','Faculty Info','Faculty Info','general','2021-12-28 03:21:15','2021-12-28 03:21:15'),
(689,'fr','Faculty Info',NULL,'general','2021-12-28 03:21:15','2021-12-28 03:21:15'),
(690,'ar','Faculty Info',NULL,'general','2021-12-28 03:21:15','2021-12-28 03:21:15'),
(691,'en','Subject Info','Subject Info','general','2021-12-28 03:21:32','2021-12-28 03:21:32'),
(692,'fr','Subject Info',NULL,'general','2021-12-28 03:21:32','2021-12-28 03:21:32'),
(693,'ar','Subject Info',NULL,'general','2021-12-28 03:21:32','2021-12-28 03:21:32'),
(694,'en','Category Info','Category Info','general','2021-12-28 04:11:50','2021-12-28 04:11:50'),
(695,'fr','Category Info',NULL,'general','2021-12-28 04:11:51','2021-12-28 04:11:51'),
(696,'ar','Category Info',NULL,'general','2021-12-28 04:11:51','2021-12-28 04:11:51'),
(697,'en','Branch Management','Branch Management','general','2021-12-28 04:33:39','2021-12-28 04:33:39'),
(698,'fr','Branch Management',NULL,'general','2021-12-28 04:33:40','2021-12-28 04:33:40'),
(699,'ar','Branch Management',NULL,'general','2021-12-28 04:33:40','2021-12-28 04:33:40'),
(700,'en','Branch Info','Branch Info','general','2021-12-28 04:33:42','2021-12-28 04:33:42'),
(701,'fr','Branch Info',NULL,'general','2021-12-28 04:33:42','2021-12-28 04:33:42'),
(702,'ar','Branch Info',NULL,'general','2021-12-28 04:33:42','2021-12-28 04:33:42'),
(703,'en','Course Branch : ','Course Branch : ','general','2021-12-28 04:37:45','2021-12-28 04:37:45'),
(704,'fr','Course Branch : ',NULL,'general','2021-12-28 04:37:45','2021-12-28 04:37:45'),
(705,'ar','Course Branch : ',NULL,'general','2021-12-28 04:37:45','2021-12-28 04:37:45'),
(706,'en','Training : ','Training : ','general','2021-12-28 13:03:38','2021-12-28 13:03:38'),
(707,'fr','Training : ',NULL,'general','2021-12-28 13:03:38','2021-12-28 13:03:38'),
(708,'ar','Training : ',NULL,'general','2021-12-28 13:03:39','2021-12-28 13:03:39'),
(709,'en','Faculty : ','Faculty : ','general','2021-12-28 13:03:39','2021-12-28 13:03:39'),
(710,'fr','Faculty : ',NULL,'general','2021-12-28 13:03:39','2021-12-28 13:03:39'),
(711,'ar','Faculty : ',NULL,'general','2021-12-28 13:03:39','2021-12-28 13:03:39'),
(712,'en','Specialization : ','Specialization : ','general','2021-12-28 13:03:39','2021-12-28 13:03:39'),
(713,'fr','Specialization : ',NULL,'general','2021-12-28 13:03:39','2021-12-28 13:03:39'),
(714,'ar','Specialization : ',NULL,'general','2021-12-28 13:03:39','2021-12-28 13:03:39'),
(715,'en','Level : ','Level : ','general','2021-12-28 13:03:39','2021-12-28 13:03:39'),
(716,'fr','Level : ',NULL,'general','2021-12-28 13:03:39','2021-12-28 13:03:39'),
(717,'ar','Level : ',NULL,'general','2021-12-28 13:03:39','2021-12-28 13:03:39'),
(718,'en','Module : ','Module : ','general','2021-12-28 13:03:39','2021-12-28 13:03:39'),
(719,'fr','Module : ',NULL,'general','2021-12-28 13:03:39','2021-12-28 13:03:39'),
(720,'ar','Module : ',NULL,'general','2021-12-28 13:03:39','2021-12-28 13:03:39'),
(721,'en','Module','Module','general','2021-12-28 13:21:56','2021-12-28 13:21:56'),
(722,'fr','Module',NULL,'general','2021-12-28 13:21:56','2021-12-28 13:21:56'),
(723,'ar','Module',NULL,'general','2021-12-28 13:21:56','2021-12-28 13:21:56'),
(724,'en','Select Module','Select Module','general','2021-12-28 13:21:56','2021-12-28 13:21:56'),
(725,'fr','Select Module',NULL,'general','2021-12-28 13:21:56','2021-12-28 13:21:56'),
(726,'ar','Select Module',NULL,'general','2021-12-28 13:21:56','2021-12-28 13:21:56'),
(727,'en','Module Management','Module Management','general','2021-12-28 13:25:09','2021-12-28 13:25:09'),
(728,'fr','Module Management',NULL,'general','2021-12-28 13:25:09','2021-12-28 13:25:09'),
(729,'ar','Module Management',NULL,'general','2021-12-28 13:25:09','2021-12-28 13:25:09'),
(730,'en','New Module','New Module','general','2021-12-28 13:25:23','2021-12-28 13:25:23'),
(731,'fr','New Module',NULL,'general','2021-12-28 13:25:23','2021-12-28 13:25:23'),
(732,'ar','New Module',NULL,'general','2021-12-28 13:25:23','2021-12-28 13:25:23'),
(733,'en','DashBoard','DashBoard','general','2021-12-28 14:12:04','2021-12-28 14:12:04'),
(734,'fr','DashBoard','Tableau de bord','general','2021-12-28 14:12:04','2022-01-13 15:51:20'),
(735,'ar','DashBoard','لوحة القيادة','general','2021-12-28 14:12:04','2022-01-13 15:51:20'),
(736,'en','Added Specialization','Added Specialization','general','2021-12-28 14:33:13','2021-12-28 14:33:13'),
(737,'fr','Added Specialization',NULL,'general','2021-12-28 14:33:13','2021-12-28 14:33:13'),
(738,'ar','Added Specialization',NULL,'general','2021-12-28 14:33:13','2021-12-28 14:33:13'),
(739,'en','Added modules','Added modules','general','2021-12-28 14:33:13','2021-12-28 14:33:13'),
(740,'fr','Added modules',NULL,'general','2021-12-28 14:33:13','2021-12-28 14:33:13'),
(741,'ar','Added modules',NULL,'general','2021-12-28 14:33:13','2021-12-28 14:33:13'),
(742,'en','agree','agree','general','2021-12-28 14:45:34','2021-12-28 14:45:34'),
(743,'fr','agree',NULL,'general','2021-12-28 14:45:34','2021-12-28 14:45:34'),
(744,'ar','agree',NULL,'general','2021-12-28 14:45:34','2021-12-28 14:45:34'),
(745,'en','reject','reject','general','2021-12-28 14:45:34','2021-12-28 14:45:34'),
(746,'fr','reject',NULL,'general','2021-12-28 14:45:34','2021-12-28 14:45:34'),
(747,'ar','reject',NULL,'general','2021-12-28 14:45:34','2021-12-28 14:45:34'),
(748,'en','Are you sure to agree this user photo?','Are you sure to agree this user photo?','general','2021-12-28 16:32:23','2021-12-28 16:32:23'),
(749,'fr','Are you sure to agree this user photo?',NULL,'general','2021-12-28 16:32:23','2021-12-28 16:32:23'),
(750,'ar','Are you sure to agree this user photo?',NULL,'general','2021-12-28 16:32:23','2021-12-28 16:32:23'),
(751,'en','Are you sure to reject this user photo?','Are you sure to reject this user photo?','general','2021-12-28 16:32:23','2021-12-28 16:32:23'),
(752,'fr','Are you sure to reject this user photo?',NULL,'general','2021-12-28 16:32:23','2021-12-28 16:32:23'),
(753,'ar','Are you sure to reject this user photo?',NULL,'general','2021-12-28 16:32:23','2021-12-28 16:32:23'),
(754,'en','Uplpoaded course','Uplpoaded course','general','2021-12-28 16:50:27','2021-12-28 16:50:27'),
(755,'fr','Uplpoaded course',NULL,'general','2021-12-28 16:50:27','2021-12-28 16:50:27'),
(756,'ar','Uplpoaded course',NULL,'general','2021-12-28 16:50:27','2021-12-28 16:50:27'),
(757,'en','User Name:','User Name:','general','2021-12-28 16:50:27','2021-12-28 16:50:27'),
(758,'fr','User Name:',NULL,'general','2021-12-28 16:50:27','2021-12-28 16:50:27'),
(759,'ar','User Name:',NULL,'general','2021-12-28 16:50:27','2021-12-28 16:50:27'),
(760,'en','Email Address:','Email Address:','general','2021-12-28 16:50:27','2021-12-28 16:50:27'),
(761,'fr','Email Address:',NULL,'general','2021-12-28 16:50:27','2021-12-28 16:50:27'),
(762,'ar','Email Address:',NULL,'general','2021-12-28 16:50:27','2021-12-28 16:50:27'),
(763,'en','Univercity::','Univercity::','general','2021-12-28 16:50:27','2021-12-28 16:50:27'),
(764,'fr','Univercity::',NULL,'general','2021-12-28 16:50:27','2021-12-28 16:50:27'),
(765,'ar','Univercity::',NULL,'general','2021-12-28 16:50:27','2021-12-28 16:50:27'),
(766,'en','Are you sure to delete this uploaded course?','Are you sure to delete this uploaded course?','general','2021-12-28 16:50:27','2021-12-28 16:50:27'),
(767,'fr','Are you sure to delete this uploaded course?',NULL,'general','2021-12-28 16:50:27','2021-12-28 16:50:27'),
(768,'ar','Are you sure to delete this uploaded course?',NULL,'general','2021-12-28 16:50:27','2021-12-28 16:50:27'),
(769,'en','Are you sure to agree this uploaded course?','Are you sure to agree this uploaded course?','general','2021-12-28 16:50:27','2021-12-28 16:50:27'),
(770,'fr','Are you sure to agree this uploaded course?',NULL,'general','2021-12-28 16:50:27','2021-12-28 16:50:27'),
(771,'ar','Are you sure to agree this uploaded course?',NULL,'general','2021-12-28 16:50:27','2021-12-28 16:50:27'),
(772,'en','Univercity:','Univercity:','general','2021-12-28 16:53:32','2021-12-28 16:53:32'),
(773,'fr','Univercity:',NULL,'general','2021-12-28 16:53:32','2021-12-28 16:53:32'),
(774,'ar','Univercity:',NULL,'general','2021-12-28 16:53:32','2021-12-28 16:53:32'),
(775,'en','Course Title:','Course Title:','general','2021-12-28 23:59:39','2021-12-28 23:59:39'),
(776,'fr','Course Title:',NULL,'general','2021-12-28 23:59:40','2021-12-28 23:59:40'),
(777,'ar','Course Title:',NULL,'general','2021-12-28 23:59:40','2021-12-28 23:59:40'),
(778,'en','Are you sure to agree this course translation?','Are you sure to agree this course translation?','general','2021-12-29 00:08:14','2021-12-29 00:08:14'),
(779,'fr','Are you sure to agree this course translation?',NULL,'general','2021-12-29 00:08:14','2021-12-29 00:08:14'),
(780,'ar','Are you sure to agree this course translation?',NULL,'general','2021-12-29 00:08:14','2021-12-29 00:08:14'),
(781,'en','Translated Course','Translated Course','general','2021-12-29 00:12:40','2021-12-29 00:12:40'),
(782,'fr','Translated Course',NULL,'general','2021-12-29 00:12:40','2021-12-29 00:12:40'),
(783,'ar','Translated Course',NULL,'general','2021-12-29 00:12:40','2021-12-29 00:12:40'),
(784,'en','Are you sure to agree this specialization?','Are you sure to agree this specialization?','general','2021-12-29 00:49:53','2021-12-29 00:49:53'),
(785,'fr','Are you sure to agree this specialization?',NULL,'general','2021-12-29 00:49:53','2021-12-29 00:49:53'),
(786,'ar','Are you sure to agree this specialization?',NULL,'general','2021-12-29 00:49:53','2021-12-29 00:49:53'),
(787,'en','Are you sure to delete this specialization?','Are you sure to delete this specialization?','general','2021-12-29 00:49:53','2021-12-29 00:49:53'),
(788,'fr','Are you sure to delete this specialization?',NULL,'general','2021-12-29 00:49:53','2021-12-29 00:49:53'),
(789,'ar','Are you sure to delete this specialization?',NULL,'general','2021-12-29 00:49:53','2021-12-29 00:49:53'),
(790,'en','Added Module','Added Module','general','2021-12-29 01:01:37','2021-12-29 01:01:37'),
(791,'fr','Added Module',NULL,'general','2021-12-29 01:01:37','2021-12-29 01:01:37'),
(792,'ar','Added Module',NULL,'general','2021-12-29 01:01:37','2021-12-29 01:01:37'),
(793,'en','Are you sure to agree this module?','Are you sure to agree this module?','general','2021-12-29 01:01:37','2021-12-29 01:01:37'),
(794,'fr','Are you sure to agree this module?',NULL,'general','2021-12-29 01:01:37','2021-12-29 01:01:37'),
(795,'ar','Are you sure to agree this module?',NULL,'general','2021-12-29 01:01:37','2021-12-29 01:01:37'),
(796,'en','Are you sure to delete this module?','Are you sure to delete this module?','general','2021-12-29 01:01:37','2021-12-29 01:01:37'),
(797,'fr','Are you sure to delete this module?',NULL,'general','2021-12-29 01:01:37','2021-12-29 01:01:37'),
(798,'ar','Are you sure to delete this module?',NULL,'general','2021-12-29 01:01:37','2021-12-29 01:01:37'),
(799,'en','no collections shared for me.','no collections shared for me.','general','2021-12-29 01:33:42','2021-12-29 01:33:42'),
(800,'fr','no collections shared for me.',NULL,'general','2021-12-29 01:33:42','2021-12-29 01:33:42'),
(801,'ar','no collections shared for me.',NULL,'general','2021-12-29 01:33:42','2021-12-29 01:33:42'),
(802,'en','delete this collection share','delete this collection share','general','2021-12-29 01:42:57','2021-12-29 01:42:57'),
(803,'fr','delete this collection share',NULL,'general','2021-12-29 01:42:57','2021-12-29 01:42:57'),
(804,'ar','delete this collection share',NULL,'general','2021-12-29 01:42:57','2021-12-29 01:42:57'),
(805,'en','The collection description cannot be empty.','The collection description cannot be empty.','general','2021-12-30 00:07:20','2021-12-30 00:07:20'),
(806,'fr','The collection description cannot be empty.',NULL,'general','2021-12-30 00:07:20','2021-12-30 00:07:20'),
(807,'ar','The collection description cannot be empty.',NULL,'general','2021-12-30 00:07:20','2021-12-30 00:07:20'),
(808,'en','The collection description must be over than 3 character.','The collection description must be over than 3 character.','general','2021-12-30 00:09:02','2021-12-30 00:09:02'),
(809,'fr','The collection description must be over than 3 character.',NULL,'general','2021-12-30 00:09:02','2021-12-30 00:09:02'),
(810,'ar','The collection description must be over than 3 character.',NULL,'general','2021-12-30 00:09:02','2021-12-30 00:09:02'),
(811,'en','Search...','Search...','general','2021-12-30 00:16:42','2021-12-30 00:16:42'),
(812,'fr','Search...','Chercher...','general','2021-12-30 00:16:42','2022-01-13 14:47:30'),
(813,'ar','Search...','بحث...','general','2021-12-30 00:16:42','2022-01-13 14:47:31'),
(814,'en','Training: ','Training: ','general','2021-12-30 01:36:18','2021-12-30 01:36:18'),
(815,'fr','Training: ',NULL,'general','2021-12-30 01:36:18','2021-12-30 01:36:18'),
(816,'ar','Training: ',NULL,'general','2021-12-30 01:36:18','2021-12-30 01:36:18'),
(817,'en','Faculty: ','Faculty: ','general','2021-12-30 01:36:18','2021-12-30 01:36:18'),
(818,'fr','Faculty: ',NULL,'general','2021-12-30 01:36:18','2021-12-30 01:36:18'),
(819,'ar','Faculty: ',NULL,'general','2021-12-30 01:36:18','2021-12-30 01:36:18'),
(820,'en','Specialization: ','Specialization: ','general','2021-12-30 01:36:18','2021-12-30 01:36:18'),
(821,'fr','Specialization: ',NULL,'general','2021-12-30 01:36:18','2021-12-30 01:36:18'),
(822,'ar','Specialization: ',NULL,'general','2021-12-30 01:36:18','2021-12-30 01:36:18'),
(823,'en','Level: ','Level: ','general','2021-12-30 01:36:18','2021-12-30 01:36:18'),
(824,'fr','Level: ',NULL,'general','2021-12-30 01:36:18','2021-12-30 01:36:18'),
(825,'ar','Level: ',NULL,'general','2021-12-30 01:36:18','2021-12-30 01:36:18'),
(826,'en','Module: ','Module: ','general','2021-12-30 01:36:18','2021-12-30 01:36:18'),
(827,'fr','Module: ',NULL,'general','2021-12-30 01:36:18','2021-12-30 01:36:18'),
(828,'ar','Module: ',NULL,'general','2021-12-30 01:36:18','2021-12-30 01:36:18'),
(829,'en','Dzair deliver a message from %s.','Dzair deliver a message from %s.','general','2021-12-30 09:30:59','2021-12-30 09:30:59'),
(830,'fr','Dzair deliver a message from %s.',NULL,'general','2021-12-30 09:30:59','2021-12-30 09:30:59'),
(831,'ar','Dzair deliver a message from %s.',NULL,'general','2021-12-30 09:30:59','2021-12-30 09:30:59'),
(832,'en','My Profile','My Profile','general','2021-12-31 00:30:51','2021-12-31 00:30:51'),
(833,'fr','My Profile',NULL,'general','2021-12-31 00:30:51','2021-12-31 00:30:51'),
(834,'ar','My Profile',NULL,'general','2021-12-31 00:30:51','2021-12-31 00:30:51'),
(835,'en','Share','Share','general','2021-12-31 00:30:51','2021-12-31 00:30:51'),
(836,'fr','Share',NULL,'general','2021-12-31 00:30:51','2021-12-31 00:30:51'),
(837,'ar','Share',NULL,'general','2021-12-31 00:30:51','2021-12-31 00:30:51'),
(838,'en','Uploaded course','Uploaded course','general','2021-12-31 00:30:51','2021-12-31 00:30:51'),
(839,'fr','Uploaded course',NULL,'general','2021-12-31 00:30:51','2021-12-31 00:30:51'),
(840,'ar','Uploaded course',NULL,'general','2021-12-31 00:30:51','2021-12-31 00:30:51'),
(841,'en','Find A Course','Find A Course','general','2022-01-04 01:30:55','2022-01-04 01:30:55'),
(842,'fr','Find A Course',NULL,'general','2022-01-04 01:30:55','2022-01-04 01:30:55'),
(843,'ar','Find A Course',NULL,'general','2022-01-04 01:30:55','2022-01-04 01:30:55'),
(844,'en','for add the course file to the collection.','for add the course file to the collection.','general','2022-01-04 01:30:55','2022-01-04 01:30:55'),
(845,'fr','for add the course file to the collection.',NULL,'general','2022-01-04 01:30:55','2022-01-04 01:30:55'),
(846,'ar','for add the course file to the collection.',NULL,'general','2022-01-04 01:30:55','2022-01-04 01:30:55'),
(847,'en','Find A My Course File','Find A My Course File','general','2022-01-04 01:38:45','2022-01-04 01:38:45'),
(848,'fr','Find A My Course File',NULL,'general','2022-01-04 01:38:45','2022-01-04 01:38:45'),
(849,'ar','Find A My Course File',NULL,'general','2022-01-04 01:38:45','2022-01-04 01:38:45'),
(850,'en','Find My Course File','Find My Course File','general','2022-01-04 01:39:10','2022-01-04 01:39:10'),
(851,'fr','Find My Course File',NULL,'general','2022-01-04 01:39:10','2022-01-04 01:39:10'),
(852,'ar','Find My Course File',NULL,'general','2022-01-04 01:39:10','2022-01-04 01:39:10'),
(853,'en','view this user profile.','view this user profile.','general','2022-01-04 02:01:41','2022-01-04 02:01:41'),
(854,'fr','view this user profile.',NULL,'general','2022-01-04 02:01:41','2022-01-04 02:01:41'),
(855,'ar','view this user profile.',NULL,'general','2022-01-04 02:01:41','2022-01-04 02:01:41'),
(856,'en','University','University','general','2022-01-04 04:38:45','2022-01-04 04:38:45'),
(857,'fr','University',NULL,'general','2022-01-04 04:38:45','2022-01-04 04:38:45'),
(858,'ar','University',NULL,'general','2022-01-04 04:38:45','2022-01-04 04:38:45'),
(859,'en','University:','University:','general','2022-01-04 04:38:46','2022-01-04 04:38:46'),
(860,'fr','University:',NULL,'general','2022-01-04 04:38:46','2022-01-04 04:38:46'),
(861,'ar','University:',NULL,'general','2022-01-04 04:38:46','2022-01-04 04:38:46'),
(862,'en','download this course file.','download this course file.','general','2022-01-04 05:07:43','2022-01-04 05:07:43'),
(863,'fr','download this course file.',NULL,'general','2022-01-04 05:07:44','2022-01-04 05:07:44'),
(864,'ar','download this course file.',NULL,'general','2022-01-04 05:07:44','2022-01-04 05:07:44'),
(865,'en','Sign In','Sign In','general','2022-01-04 12:23:42','2022-01-04 12:23:42'),
(866,'fr','Sign In',NULL,'general','2022-01-04 12:23:42','2022-01-04 12:23:42'),
(867,'ar','Sign In',NULL,'general','2022-01-04 12:23:42','2022-01-04 12:23:42'),
(868,'en','Sign Up','Sign Up','general','2022-01-04 12:23:42','2022-01-04 12:23:42'),
(869,'fr','Sign Up',NULL,'general','2022-01-04 12:23:42','2022-01-04 12:23:42'),
(870,'ar','Sign Up',NULL,'general','2022-01-04 12:23:42','2022-01-04 12:23:42'),
(871,'en','User Name','User Name','general','2022-01-05 08:12:01','2022-01-05 08:12:01'),
(872,'fr','User Name',NULL,'general','2022-01-05 08:12:01','2022-01-05 08:12:01'),
(873,'ar','User Name',NULL,'general','2022-01-05 08:12:01','2022-01-05 08:12:01'),
(874,'en','send message to this user.','send message to this user.','general','2022-01-05 08:13:50','2022-01-05 08:13:50'),
(875,'fr','send message to this user.',NULL,'general','2022-01-05 08:13:50','2022-01-05 08:13:50'),
(876,'ar','send message to this user.',NULL,'general','2022-01-05 08:13:50','2022-01-05 08:13:50'),
(877,'en','Uplaod File','Uplaod File','general','2022-01-05 08:38:10','2022-01-05 08:38:10'),
(878,'fr','Uplaod File',NULL,'general','2022-01-05 08:38:11','2022-01-05 08:38:11'),
(879,'ar','Uplaod File',NULL,'general','2022-01-05 08:38:11','2022-01-05 08:38:11'),
(880,'en','Collection:','Collection:','general','2022-01-05 14:30:32','2022-01-05 14:30:32'),
(881,'fr','Collection:',NULL,'general','2022-01-05 14:30:32','2022-01-05 14:30:32'),
(882,'ar','Collection:',NULL,'general','2022-01-05 14:30:32','2022-01-05 14:30:32'),
(883,'en','Send Message to %s','Send Message to %s','general','2022-01-06 02:52:13','2022-01-06 02:52:13'),
(884,'fr','Send Message to %s',NULL,'general','2022-01-06 02:52:13','2022-01-06 02:52:13'),
(885,'ar','Send Message to %s',NULL,'general','2022-01-06 02:52:13','2022-01-06 02:52:13'),
(886,'en','Add specialization or faculty','Add specialization or faculty','general','2022-01-08 01:20:23','2022-01-08 01:20:23'),
(887,'fr','Add specialization or faculty',NULL,'general','2022-01-08 01:20:24','2022-01-08 01:20:24'),
(888,'ar','Add specialization or faculty',NULL,'general','2022-01-08 01:20:24','2022-01-08 01:20:24'),
(889,'en','Module Info','Module Info','general','2022-01-08 03:02:30','2022-01-08 03:02:30'),
(890,'fr','Module Info',NULL,'general','2022-01-08 03:02:30','2022-01-08 03:02:30'),
(891,'ar','Module Info',NULL,'general','2022-01-08 03:02:30','2022-01-08 03:02:30'),
(892,'en','Add faculty','Add faculty','general','2022-01-08 03:13:33','2022-01-08 03:13:33'),
(893,'fr','Add faculty',NULL,'general','2022-01-08 03:13:33','2022-01-08 03:13:33'),
(894,'ar','Add faculty',NULL,'general','2022-01-08 03:13:33','2022-01-08 03:13:33'),
(895,'en','Add specialization','Add specialization','general','2022-01-08 03:13:35','2022-01-08 03:13:35'),
(896,'fr','Add specialization',NULL,'general','2022-01-08 03:13:35','2022-01-08 03:13:35'),
(897,'ar','Add specialization',NULL,'general','2022-01-08 03:13:35','2022-01-08 03:13:35'),
(898,'en','Added Faculties','Added Faculties','general','2022-01-08 04:04:08','2022-01-08 04:04:08'),
(899,'fr','Added Faculties',NULL,'general','2022-01-08 04:04:08','2022-01-08 04:04:08'),
(900,'ar','Added Faculties',NULL,'general','2022-01-08 04:04:08','2022-01-08 04:04:08'),
(901,'en','Are you sure to agree this Faculty?','Are you sure to agree this Faculty?','general','2022-01-08 04:04:08','2022-01-08 04:04:08'),
(902,'fr','Are you sure to agree this Faculty?',NULL,'general','2022-01-08 04:04:08','2022-01-08 04:04:08'),
(903,'ar','Are you sure to agree this Faculty?',NULL,'general','2022-01-08 04:04:08','2022-01-08 04:04:08'),
(904,'en','Are you sure to delete this Faculty?','Are you sure to delete this Faculty?','general','2022-01-08 04:04:08','2022-01-08 04:04:08'),
(905,'fr','Are you sure to delete this Faculty?',NULL,'general','2022-01-08 04:04:08','2022-01-08 04:04:08'),
(906,'ar','Are you sure to delete this Faculty?',NULL,'general','2022-01-08 04:04:08','2022-01-08 04:04:08'),
(907,'en','Add module','Add module','general','2022-01-08 04:47:58','2022-01-08 04:47:58'),
(908,'fr','Add module',NULL,'general','2022-01-08 04:47:58','2022-01-08 04:47:58'),
(909,'ar','Add module',NULL,'general','2022-01-08 04:47:58','2022-01-08 04:47:58'),
(910,'en','could not be found a user to send the message','could not be found a user to send the message','general','2022-01-12 08:57:32','2022-01-12 08:57:32'),
(911,'fr','could not be found a user to send the message',NULL,'general','2022-01-12 08:57:32','2022-01-12 08:57:32'),
(912,'ar','could not be found a user to send the message',NULL,'general','2022-01-12 08:57:32','2022-01-12 08:57:32'),
(913,'en','My Collections','My Collections','general','2022-01-12 09:45:29','2022-01-12 09:45:29'),
(914,'fr','My Collections',NULL,'general','2022-01-12 09:45:29','2022-01-12 09:45:29'),
(915,'ar','My Collections',NULL,'general','2022-01-12 09:45:29','2022-01-12 09:45:29'),
(916,'en','My Course','My Course','general','2022-01-12 09:46:23','2022-01-12 09:46:23'),
(917,'fr','My Course',NULL,'general','2022-01-12 09:46:23','2022-01-12 09:46:23'),
(918,'ar','My Course',NULL,'general','2022-01-12 09:46:23','2022-01-12 09:46:23'),
(919,'en','My Courses','My Courses','general','2022-01-12 14:02:13','2022-01-12 14:02:13'),
(920,'fr','My Courses',NULL,'general','2022-01-12 14:02:13','2022-01-12 14:02:13'),
(921,'ar','My Courses',NULL,'general','2022-01-12 14:02:13','2022-01-12 14:02:13'),
(922,'en','Select the university','Select the university','general','2022-01-12 14:41:58','2022-01-12 14:41:58'),
(923,'fr','Select the university',NULL,'general','2022-01-12 14:41:58','2022-01-12 14:41:58'),
(924,'ar','Select the university',NULL,'general','2022-01-12 14:41:58','2022-01-12 14:41:58'),
(925,'en','Course Branch','Course Branch','general','2022-01-13 00:35:18','2022-01-13 00:35:18'),
(926,'fr','Course Branch',NULL,'general','2022-01-13 00:35:18','2022-01-13 00:35:18'),
(927,'ar','Course Branch',NULL,'general','2022-01-13 00:35:18','2022-01-13 00:35:18'),
(928,'en','Enter a review for this course.','Enter a review for this course.','general','2022-01-13 02:02:51','2022-01-13 02:02:51'),
(929,'fr','Enter a review for this course.',NULL,'general','2022-01-13 02:02:51','2022-01-13 02:02:51'),
(930,'ar','Enter a review for this course.',NULL,'general','2022-01-13 02:02:51','2022-01-13 02:02:51'),
(931,'en','Report Content','Report Content','general','2022-01-13 02:19:56','2022-01-13 02:19:56'),
(932,'fr','Report Content',NULL,'general','2022-01-13 02:19:56','2022-01-13 02:19:56'),
(933,'ar','Report Content',NULL,'general','2022-01-13 02:19:56','2022-01-13 02:19:56'),
(934,'en','Course Title','Course Title','general','2022-01-13 02:50:23','2022-01-13 02:50:23'),
(935,'fr','Course Title',NULL,'general','2022-01-13 02:50:23','2022-01-13 02:50:23'),
(936,'ar','Course Title',NULL,'general','2022-01-13 02:50:23','2022-01-13 02:50:23'),
(937,'en','Course Description','Course Description','general','2022-01-13 02:50:23','2022-01-13 02:50:23'),
(938,'fr','Course Description',NULL,'general','2022-01-13 02:50:23','2022-01-13 02:50:23'),
(939,'ar','Course Description',NULL,'general','2022-01-13 02:50:23','2022-01-13 02:50:23'),
(940,'en','Course Reports','Course Reports','general','2022-01-13 06:18:53','2022-01-13 06:18:53'),
(941,'fr','Course Reports',NULL,'general','2022-01-13 06:18:53','2022-01-13 06:18:53'),
(942,'ar','Course Reports',NULL,'general','2022-01-13 06:18:53','2022-01-13 06:18:53'),
(943,'en','Course Creator:','Course Creator:','general','2022-01-13 06:21:38','2022-01-13 06:21:38'),
(944,'fr','Course Creator:',NULL,'general','2022-01-13 06:21:38','2022-01-13 06:21:38'),
(945,'ar','Course Creator:',NULL,'general','2022-01-13 06:21:38','2022-01-13 06:21:38'),
(946,'en','Course Repoter:','Course Repoter:','general','2022-01-13 06:21:38','2022-01-13 06:21:38'),
(947,'fr','Course Repoter:',NULL,'general','2022-01-13 06:21:38','2022-01-13 06:21:38'),
(948,'ar','Course Repoter:',NULL,'general','2022-01-13 06:21:38','2022-01-13 06:21:38'),
(949,'en','Repoter Email:','Repoter Email:','general','2022-01-13 06:21:38','2022-01-13 06:21:38'),
(950,'fr','Repoter Email:',NULL,'general','2022-01-13 06:21:38','2022-01-13 06:21:38'),
(951,'ar','Repoter Email:',NULL,'general','2022-01-13 06:21:38','2022-01-13 06:21:38'),
(952,'en','Reported date:','Reported date:','general','2022-01-13 06:21:38','2022-01-13 06:21:38'),
(953,'fr','Reported date:',NULL,'general','2022-01-13 06:21:38','2022-01-13 06:21:38'),
(954,'ar','Reported date:',NULL,'general','2022-01-13 06:21:38','2022-01-13 06:21:38'),
(955,'en','view all','view all','general','2022-01-13 06:38:45','2022-01-13 06:38:45'),
(956,'fr','view all',NULL,'general','2022-01-13 06:38:45','2022-01-13 06:38:45'),
(957,'ar','view all',NULL,'general','2022-01-13 06:38:45','2022-01-13 06:38:45'),
(958,'en','Are you sure delete this report?','Are you sure delete this report?','general','2022-01-13 06:51:58','2022-01-13 06:51:58'),
(959,'fr','Are you sure delete this report?',NULL,'general','2022-01-13 06:51:58','2022-01-13 06:51:58'),
(960,'ar','Are you sure delete this report?',NULL,'general','2022-01-13 06:51:58','2022-01-13 06:51:58'),
(961,'en','Training','Training','general','2022-01-13 07:34:18','2022-01-13 07:34:18'),
(962,'fr','Training',NULL,'general','2022-01-13 07:34:19','2022-01-13 07:34:19'),
(963,'ar','Training',NULL,'general','2022-01-13 07:34:19','2022-01-13 07:34:19'),
(964,'en','Reported Date','Reported Date','general','2022-01-13 07:34:19','2022-01-13 07:34:19'),
(965,'fr','Reported Date',NULL,'general','2022-01-13 07:34:19','2022-01-13 07:34:19'),
(966,'ar','Reported Date',NULL,'general','2022-01-13 07:34:19','2022-01-13 07:34:19'),
(967,'en','Confirmed Date','Confirmed Date','general','2022-01-13 07:34:19','2022-01-13 07:34:19'),
(968,'fr','Confirmed Date',NULL,'general','2022-01-13 07:34:19','2022-01-13 07:34:19'),
(969,'ar','Confirmed Date',NULL,'general','2022-01-13 07:34:19','2022-01-13 07:34:19'),
(970,'en','Are you sure to delete this report?','Are you sure to delete this report?','general','2022-01-13 07:34:19','2022-01-13 07:34:19'),
(971,'fr','Are you sure to delete this report?',NULL,'general','2022-01-13 07:34:19','2022-01-13 07:34:19'),
(972,'ar','Are you sure to delete this report?',NULL,'general','2022-01-13 07:34:19','2022-01-13 07:34:19'),
(973,'en','All Reports.','All Reports.','general','2022-01-13 07:56:26','2022-01-13 07:56:26'),
(974,'fr','All Reports.',NULL,'general','2022-01-13 07:56:26','2022-01-13 07:56:26'),
(975,'ar','All Reports.',NULL,'general','2022-01-13 07:56:26','2022-01-13 07:56:26'),
(976,'en','Report Content:','Report Content:','general','2022-01-13 09:06:12','2022-01-13 09:06:12'),
(977,'fr','Report Content:',NULL,'general','2022-01-13 09:06:12','2022-01-13 09:06:12'),
(978,'ar','Report Content:',NULL,'general','2022-01-13 09:06:12','2022-01-13 09:06:12'),
(979,'en','University Manage','University Manage','general','2022-01-13 09:35:39','2022-01-13 09:35:39'),
(980,'fr','University Manage',NULL,'general','2022-01-13 09:35:39','2022-01-13 09:35:39'),
(981,'ar','University Manage',NULL,'general','2022-01-13 09:35:39','2022-01-13 09:35:39'),
(982,'en','town','town','general','2022-01-13 09:56:22','2022-01-13 09:56:22'),
(983,'fr','town',NULL,'general','2022-01-13 09:56:22','2022-01-13 09:56:22'),
(984,'ar','town',NULL,'general','2022-01-13 09:56:23','2022-01-13 09:56:23'),
(985,'en','Are you sure to delete this university?','Are you sure to delete this university?','general','2022-01-13 09:56:23','2022-01-13 09:56:23'),
(986,'fr','Are you sure to delete this university?',NULL,'general','2022-01-13 09:56:23','2022-01-13 09:56:23'),
(987,'ar','Are you sure to delete this university?',NULL,'general','2022-01-13 09:56:23','2022-01-13 09:56:23'),
(988,'en','University Information','University Information','general','2022-01-13 10:20:24','2022-01-13 10:20:24'),
(989,'fr','University Information',NULL,'general','2022-01-13 10:20:24','2022-01-13 10:20:24'),
(990,'ar','University Information',NULL,'general','2022-01-13 10:20:24','2022-01-13 10:20:24'),
(991,'en','English Name','English Name','general','2022-01-13 10:24:44','2022-01-13 10:24:44'),
(992,'fr','English Name',NULL,'general','2022-01-13 10:24:44','2022-01-13 10:24:44'),
(993,'ar','English Name',NULL,'general','2022-01-13 10:24:44','2022-01-13 10:24:44'),
(994,'en','Franch Name','Franch Name','general','2022-01-13 10:24:44','2022-01-13 10:24:44'),
(995,'fr','Franch Name',NULL,'general','2022-01-13 10:24:44','2022-01-13 10:24:44'),
(996,'ar','Franch Name',NULL,'general','2022-01-13 10:24:44','2022-01-13 10:24:44'),
(997,'en','Arabic name','Arabic name','general','2022-01-13 10:25:28','2022-01-13 10:25:28'),
(998,'fr','Arabic name',NULL,'general','2022-01-13 10:25:29','2022-01-13 10:25:29'),
(999,'ar','Arabic name',NULL,'general','2022-01-13 10:25:29','2022-01-13 10:25:29'),
(1000,'en','Hide to another users.','Hide to another users.','general','2022-01-13 12:21:01','2022-01-13 12:21:01'),
(1001,'fr','Hide to another users.',NULL,'general','2022-01-13 12:21:01','2022-01-13 12:21:01'),
(1002,'ar','Hide to another users.',NULL,'general','2022-01-13 12:21:01','2022-01-13 12:21:01'),
(1003,'en','About Us','About Us','general','2022-01-13 13:43:01','2022-01-13 13:43:01'),
(1004,'fr','About Us','À propos de nous','general','2022-01-13 13:43:01','2022-01-13 15:15:42'),
(1005,'ar','About Us','معلومات عنا','general','2022-01-13 13:43:01','2022-01-13 15:15:42'),
(1006,'en','Contact Us','Contact Us','general','2022-01-13 13:43:01','2022-01-13 13:43:01'),
(1007,'fr','Contact Us','Nous contacter','general','2022-01-13 13:43:01','2022-01-13 15:15:16'),
(1008,'ar','Contact Us','اتصل بنا','general','2022-01-13 13:43:01','2022-01-13 15:15:16'),
(1009,'en','Signin','Signin','general','2022-01-13 13:49:41','2022-01-13 13:49:41'),
(1010,'fr','Signin','Se connecter','general','2022-01-13 13:49:41','2022-01-13 13:52:21'),
(1011,'ar','Signin','تسجيل الدخول','general','2022-01-13 13:49:41','2022-01-13 13:52:21'),
(1012,'en','signup','signup','general','2022-01-13 13:49:41','2022-01-13 13:49:41'),
(1013,'fr','signup','Participation','general','2022-01-13 13:49:41','2022-01-13 13:53:13'),
(1014,'ar','signup','اشتراك','general','2022-01-13 13:49:41','2022-01-13 13:53:13'),
(1015,'en','Translate Webpages','Translate Webpages','general','2022-01-13 13:59:31','2022-01-13 13:59:31'),
(1016,'fr','Translate Webpages',NULL,'general','2022-01-13 13:59:31','2022-01-13 13:59:31'),
(1017,'ar','Translate Webpages',NULL,'general','2022-01-13 13:59:31','2022-01-13 13:59:31'),
(1018,'en','we are ready to help you','we are ready to help you','general','2022-01-13 14:59:11','2022-01-13 15:00:05'),
(1019,'fr','we are ready to help you','Nous sommes prêts à vous aider','general','2022-01-13 14:59:11','2022-01-13 15:00:05'),
(1020,'ar','we are ready to help you','نحن على استعداد لمساعدتك','general','2022-01-13 14:59:11','2022-01-13 15:00:05'),
(1024,'en','Users can search courses and download and report.','Users can search courses and download and report.','general','2022-01-13 14:59:11','2022-01-13 15:25:54'),
(1025,'fr','Users can search courses and download and report.','Les utilisateurs peuvent rechercher, télécharger et créer des rapports sur les cours.','general','2022-01-13 14:59:11','2022-01-13 15:25:54'),
(1026,'ar','Users can search courses and download and report.','يمكن للمستخدمين البحث في الدورات وتنزيلها وإعداد تقرير عنها.','general','2022-01-13 14:59:11','2022-01-13 15:25:54'),
(1027,'en','Multiple-page version','Multiple-page version','general','2022-01-13 14:59:11','2022-01-13 16:02:36'),
(1028,'fr','Multiple-page version','Version multi-pages','general','2022-01-13 14:59:11','2022-01-13 16:02:36'),
(1029,'ar','Multiple-page version','إصدار متعدد الصفحات','general','2022-01-13 14:59:11','2022-01-13 16:02:36'),
(1030,'en','with different HTML pages are also available.','HTML pages are also available.','general','2022-01-13 14:59:11','2022-01-13 16:01:47'),
(1031,'fr','with different HTML pages are also available.','Des pages HTML sont également disponibles.','general','2022-01-13 14:59:11','2022-01-13 16:01:47'),
(1032,'ar','with different HTML pages are also available.','صفحات HTML متاحة أيضًا.','general','2022-01-13 14:59:11','2022-01-13 16:01:47'),
(1033,'en','courses & collections %s management','courses & collections %s management','general','2022-01-13 15:02:37','2022-01-13 15:05:08'),
(1034,'fr','courses & collections %s management','cours & collections %s gestion','general','2022-01-13 15:02:37','2022-01-13 15:05:08'),
(1035,'ar','courses & collections %s management','الدورات & المجموعات %s الإدارة','general','2022-01-13 15:02:37','2022-01-13 15:13:01'),
(1036,'en','Are you sure to delete this word?','Are you sure to delete this word?','general','2022-01-13 15:23:14','2022-01-13 15:23:14'),
(1037,'fr','Are you sure to delete this word?',NULL,'general','2022-01-13 15:23:14','2022-01-13 15:23:14'),
(1038,'ar','Are you sure to delete this word?',NULL,'general','2022-01-13 15:23:14','2022-01-13 15:23:14'),
(1039,'en','Are you sure to delete this translate?','Are you sure to delete this translate?','general','2022-01-13 16:11:42','2022-01-13 16:11:42'),
(1040,'fr','Are you sure to delete this translate?',NULL,'general','2022-01-13 16:11:42','2022-01-13 16:11:42'),
(1041,'ar','Are you sure to delete this translate?',NULL,'general','2022-01-13 16:11:42','2022-01-13 16:11:42'),
(1042,'en','Dzair deliver\'s client send a message %s. <br> email address is %s','Dzair deliver\'s client send a message %s. <br> email address is %s','general','2022-01-14 00:43:41','2022-01-14 00:43:41'),
(1043,'fr','Dzair deliver\'s client send a message %s. <br> email address is %s',NULL,'general','2022-01-14 00:43:41','2022-01-14 00:43:41'),
(1044,'ar','Dzair deliver\'s client send a message %s. <br> email address is %s',NULL,'general','2022-01-14 00:43:41','2022-01-14 00:43:41'),
(1045,'en','site administrator email','site administrator email','general','2022-01-14 00:49:08','2022-01-14 00:49:08'),
(1046,'fr','site administrator email',NULL,'general','2022-01-14 00:49:08','2022-01-14 00:49:08'),
(1047,'ar','site administrator email',NULL,'general','2022-01-14 00:49:08','2022-01-14 00:49:08'),
(1048,'en','mail adminer','mail adminer','general','2022-01-14 00:49:08','2022-01-14 00:49:08'),
(1049,'fr','mail adminer',NULL,'general','2022-01-14 00:49:08','2022-01-14 00:49:08'),
(1050,'ar','mail adminer',NULL,'general','2022-01-14 00:49:08','2022-01-14 00:49:08'),
(1051,'en','mail server manager','mail server manager','general','2022-01-14 00:56:21','2022-01-14 00:56:21'),
(1052,'fr','mail server manager',NULL,'general','2022-01-14 00:56:21','2022-01-14 00:56:21'),
(1053,'ar','mail server manager',NULL,'general','2022-01-14 00:56:21','2022-01-14 00:56:21'),
(1054,'en','mail server username','mail server username','general','2022-01-14 00:56:21','2022-01-14 00:56:21'),
(1055,'fr','mail server username',NULL,'general','2022-01-14 00:56:21','2022-01-14 00:56:21'),
(1056,'ar','mail server username',NULL,'general','2022-01-14 00:56:21','2022-01-14 00:56:21'),
(1057,'en','password','password','general','2022-01-14 00:56:21','2022-01-14 00:56:21'),
(1058,'fr','password',NULL,'general','2022-01-14 00:56:21','2022-01-14 00:56:21'),
(1059,'ar','password',NULL,'general','2022-01-14 00:56:21','2022-01-14 00:56:21'),
(1060,'en','top advertisement','top advertisement','general','2022-01-14 00:56:44','2022-01-14 00:56:44'),
(1061,'fr','top advertisement',NULL,'general','2022-01-14 00:56:44','2022-01-14 00:56:44'),
(1062,'ar','top advertisement',NULL,'general','2022-01-14 00:56:44','2022-01-14 00:56:44'),
(1063,'en','link','link','general','2022-01-14 00:56:44','2022-01-14 00:56:44'),
(1064,'fr','link',NULL,'general','2022-01-14 00:56:44','2022-01-14 00:56:44'),
(1065,'ar','link',NULL,'general','2022-01-14 00:56:44','2022-01-14 00:56:44'),
(1066,'en','left advertisement','left advertisement','general','2022-01-14 00:56:44','2022-01-14 00:56:44'),
(1067,'fr','left advertisement',NULL,'general','2022-01-14 00:56:44','2022-01-14 00:56:44'),
(1068,'ar','left advertisement',NULL,'general','2022-01-14 00:56:44','2022-01-14 00:56:44'),
(1069,'en','right advertisement','right advertisement','general','2022-01-14 00:56:44','2022-01-14 00:56:44'),
(1070,'fr','right advertisement',NULL,'general','2022-01-14 00:56:44','2022-01-14 00:56:44'),
(1071,'ar','right advertisement',NULL,'general','2022-01-14 00:56:44','2022-01-14 00:56:44'),
(1072,'en','upload','upload','general','2022-01-14 05:22:32','2022-01-14 05:22:32'),
(1073,'fr','upload',NULL,'general','2022-01-14 05:22:32','2022-01-14 05:22:32'),
(1074,'ar','upload',NULL,'general','2022-01-14 05:22:32','2022-01-14 05:22:32'),
(1075,'en','welcome to dzairacademy','welcome to dzairacademy','general','2022-01-17 02:02:30','2022-01-17 02:02:30'),
(1076,'fr','welcome to dzairacademy',NULL,'general','2022-01-17 02:02:30','2022-01-17 02:02:30'),
(1077,'ar','welcome to dzairacademy',NULL,'general','2022-01-17 02:02:30','2022-01-17 02:02:30'),
(1078,'en','courses & collections %s share','courses & collections %s share','general','2022-01-17 02:04:49','2022-01-17 02:04:49'),
(1079,'fr','courses & collections %s share','cours & collections %s partager','general','2022-01-17 02:04:49','2022-01-22 06:29:49'),
(1080,'ar','courses & collections %s share','الدورات والمجموعات %s حصة','general','2022-01-17 02:04:49','2022-01-22 06:29:49'),
(1081,'en','If you want to learn more how to use our platform, please','If you want to learn more how to use our platform, please','general','2022-01-17 02:06:48','2022-01-17 02:06:48'),
(1082,'fr','If you want to learn more how to use our platform, please',NULL,'general','2022-01-17 02:06:49','2022-01-17 02:06:49'),
(1083,'ar','If you want to learn more how to use our platform, please',NULL,'general','2022-01-17 02:06:49','2022-01-17 02:06:49'),
(1084,'en','click here','click here','general','2022-01-17 02:06:49','2022-01-17 02:06:49'),
(1085,'fr','click here',NULL,'general','2022-01-17 02:06:49','2022-01-17 02:06:49'),
(1086,'ar','click here',NULL,'general','2022-01-17 02:06:49','2022-01-17 02:06:49'),
(1087,'en','FAQ','FAQ','general','2022-01-17 03:02:32','2022-01-17 03:02:32'),
(1088,'fr','FAQ',NULL,'general','2022-01-17 03:02:32','2022-01-17 03:02:32'),
(1089,'ar','FAQ',NULL,'general','2022-01-17 03:02:32','2022-01-17 03:02:32'),
(1090,'en','How to use our platform','How to use our platform','general','2022-01-17 03:02:32','2022-01-17 03:02:32'),
(1091,'fr','How to use our platform',NULL,'general','2022-01-17 03:02:32','2022-01-17 03:02:32'),
(1092,'ar','How to use our platform',NULL,'general','2022-01-17 03:02:32','2022-01-17 03:02:32'),
(1093,'en','Report for this','Report for this','general','2022-01-19 11:31:09','2022-01-19 11:31:09'),
(1094,'fr','Report for this',NULL,'general','2022-01-19 11:31:09','2022-01-19 11:31:09'),
(1095,'ar','Report for this',NULL,'general','2022-01-19 11:31:09','2022-01-19 11:31:09'),
(1096,'en','Report','Report','general','2022-01-19 11:33:50','2022-01-19 11:33:50'),
(1097,'fr','Report',NULL,'general','2022-01-19 11:33:50','2022-01-19 11:33:50'),
(1098,'ar','Report',NULL,'general','2022-01-19 11:33:50','2022-01-19 11:33:50'),
(1099,'en','Report that content as illegal.','Report that content as illegal.','general','2022-01-19 11:38:20','2022-01-19 11:38:20'),
(1100,'fr','Report that content as illegal.',NULL,'general','2022-01-19 11:38:20','2022-01-19 11:38:20'),
(1101,'ar','Report that content as illegal.',NULL,'general','2022-01-19 11:38:20','2022-01-19 11:38:20'),
(1102,'en','Report that content as illegal','Report that content as illegal','general','2022-01-19 11:59:30','2022-01-19 11:59:30'),
(1103,'fr','Report that content as illegal',NULL,'general','2022-01-19 11:59:30','2022-01-19 11:59:30'),
(1104,'ar','Report that content as illegal',NULL,'general','2022-01-19 11:59:30','2022-01-19 11:59:30'),
(1105,'en','url:','url:','general','2022-01-19 13:01:41','2022-01-19 13:01:41'),
(1106,'fr','url:',NULL,'general','2022-01-19 13:01:41','2022-01-19 13:01:41'),
(1107,'ar','url:',NULL,'general','2022-01-19 13:01:41','2022-01-19 13:01:41'),
(1108,'en','Report url:','Report url:','general','2022-01-19 13:02:30','2022-01-19 13:02:30'),
(1109,'fr','Report url:',NULL,'general','2022-01-19 13:02:30','2022-01-19 13:02:30'),
(1110,'ar','Report url:',NULL,'general','2022-01-19 13:02:30','2022-01-19 13:02:30'),
(1111,'en','Course url:','Course url:','general','2022-01-19 13:16:05','2022-01-19 13:16:05'),
(1112,'fr','Course url:',NULL,'general','2022-01-19 13:16:05','2022-01-19 13:16:05'),
(1113,'ar','Course url:',NULL,'general','2022-01-19 13:16:05','2022-01-19 13:16:05'),
(1114,'en','Pages','Pages','general','2022-01-20 14:45:49','2022-01-20 14:45:49'),
(1115,'fr','Pages',NULL,'general','2022-01-20 14:45:49','2022-01-20 14:45:49'),
(1116,'ar','Pages',NULL,'general','2022-01-20 14:45:49','2022-01-20 14:45:49'),
(1117,'en','Site Pages','Site Pages','general','2022-01-20 14:46:56','2022-01-20 14:46:56'),
(1118,'fr','Site Pages',NULL,'general','2022-01-20 14:46:56','2022-01-20 14:46:56'),
(1119,'ar','Site Pages',NULL,'general','2022-01-20 14:46:56','2022-01-20 14:46:56'),
(1120,'en','Aboutus Page','Aboutus Page','general','2022-01-20 14:46:56','2022-01-20 14:46:56'),
(1121,'fr','Aboutus Page',NULL,'general','2022-01-20 14:46:56','2022-01-20 14:46:56'),
(1122,'ar','Aboutus Page',NULL,'general','2022-01-20 14:46:56','2022-01-20 14:46:56'),
(1123,'en','How to use Page','How to use Page','general','2022-01-20 14:46:56','2022-01-20 14:46:56'),
(1124,'fr','How to use Page',NULL,'general','2022-01-20 14:46:56','2022-01-20 14:46:56'),
(1125,'ar','How to use Page',NULL,'general','2022-01-20 14:46:56','2022-01-20 14:46:56'),
(1126,'en','Tutorial Page','Tutorial Page','general','2022-01-20 14:46:56','2022-01-20 14:46:56'),
(1127,'fr','Tutorial Page',NULL,'general','2022-01-20 14:46:56','2022-01-20 14:46:56'),
(1128,'ar','Tutorial Page',NULL,'general','2022-01-20 14:46:56','2022-01-20 14:46:56'),
(1129,'en','Dzair Academy has been received the message from the client %s.','Dzair Academy has been received the message from the client %s.','general','2022-01-21 13:49:42','2022-01-21 13:49:42'),
(1130,'fr','Dzair Academy has been received the message from the client %s.',NULL,'general','2022-01-21 13:49:42','2022-01-21 13:49:42'),
(1131,'ar','Dzair Academy has been received the message from the client %s.',NULL,'general','2022-01-21 13:49:42','2022-01-21 13:49:42'),
(1132,'en','How We Work','How We Work','general','2022-01-21 14:05:01','2022-01-21 14:05:01'),
(1133,'fr','How We Work',NULL,'general','2022-01-21 14:05:01','2022-01-21 14:05:01'),
(1134,'ar','How We Work',NULL,'general','2022-01-21 14:05:01','2022-01-21 14:05:01');

/*Table structure for table `universities` */

DROP TABLE IF EXISTS `universities`;

CREATE TABLE `universities` (
  `id` int(10) unsigned NOT NULL AUTO_INCREMENT,
  `mainname` varchar(80) NOT NULL,
  `en` varchar(80) DEFAULT NULL,
  `fr` varchar(80) DEFAULT NULL,
  `ar` varchar(80) DEFAULT NULL,
  `town` varchar(40) DEFAULT NULL,
  `created_at` datetime DEFAULT current_timestamp(),
  `updated_at` timestamp NOT NULL DEFAULT current_timestamp() ON UPDATE current_timestamp(),
  PRIMARY KEY (`id`)
) ENGINE=InnoDB AUTO_INCREMENT=25 DEFAULT CHARSET=utf8;

/*Data for the table `universities` */

insert  into `universities`(`id`,`mainname`,`en`,`fr`,`ar`,`town`,`created_at`,`updated_at`) values 
(1,'Université Frères Mentouri de Constantine 1',NULL,'Université Frères Mentouri de Constantine 1',NULL,'Constantine','2022-01-12 23:10:27','2022-01-13 10:30:42'),
(2,'Université Mohamed Boudiaf de M\'sila',NULL,'Université Mohamed Boudiaf de M\'sila',NULL,'M\'Sila','2022-01-12 23:17:31','2022-01-12 23:20:07'),
(3,'Université Abderrahmane Mira de Béjaia',NULL,'Université Abderrahmane Mira de Béjaia',NULL,'Béjaïa','2022-01-12 23:17:35','2022-01-12 23:20:07'),
(4,'Université Abou Bekr Belkaid de Tlemcen',NULL,'Université Abou Bekr Belkaid de Tlemcen',NULL,'Tlemcen','2022-01-12 23:17:43','2022-01-12 23:20:07'),
(5,'	Université des Sciences et de la Technologie Houari Boumediène',NULL,'	Université des Sciences et de la Technologie Houari Boumediène',NULL,'Algiers','2022-01-12 23:17:46','2022-01-12 23:20:07'),
(6,'Université Ferhat Abbas Sétif 1',NULL,'Université Ferhat Abbas Sétif 1',NULL,'Sétif','2022-01-12 23:17:55','2022-01-12 23:20:07'),
(7,'	Université Mohamed Khider de Biskra',NULL,'	Université Mohamed Khider de Biskra',NULL,'Biskra','2022-01-12 23:17:58','2022-01-12 23:20:07'),
(8,'	Université Ahmed Ben Bella d\'Oran 1',NULL,'	Université Ahmed Ben Bella d\'Oran 1',NULL,'	Oran','2022-01-12 23:18:01','2022-01-12 23:20:07'),
(9,'	Université Mouloud Maameri de Tizi Ouzou',NULL,'	Université Mouloud Maameri de Tizi Ouzou',NULL,'Tizi-Ouzou','2022-01-12 23:18:03','2022-01-12 23:20:07'),
(10,'	Université Abdelhamid Ibn Badis de Mostaganem',NULL,'	Université Abdelhamid Ibn Badis de Mostaganem',NULL,'Mostaganem','2022-01-12 23:18:10','2022-01-12 23:20:07'),
(11,'	Université Hassiba Ben Bouali de Chlef',NULL,'	Université Hassiba Ben Bouali de Chlef',NULL,'Chlef','2022-01-12 23:18:14','2022-01-12 23:20:07'),
(12,'	Université Kasdi Merbah de Ouargla',NULL,'	Université Kasdi Merbah de Ouargla',NULL,'Ouargla','2022-01-12 23:18:16','2022-01-12 23:20:07'),
(13,'	Université Hadj Lakhder de Batna 1',NULL,'	Université Hadj Lakhder de Batna 1',NULL,'Batna','2022-01-12 23:18:20','2022-01-12 23:20:07'),
(14,'	Université Benyoucef Benkhedda d\'Alger 1',NULL,'	Université Benyoucef Benkhedda d\'Alger 1',NULL,'Algiers','2022-01-12 23:18:24','2022-01-12 23:20:07'),
(15,'	Université Mohamed Seddik Ben Yahia de Jijel',NULL,'	Université Mohamed Seddik Ben Yahia de Jijel',NULL,'Jijel','2022-01-12 23:18:27','2022-01-12 23:20:07'),
(16,'Université 8 Mai 1945 Guelma',NULL,'Université 8 Mai 1945 Guelma',NULL,'Guelma','2022-01-12 23:18:31','2022-01-12 23:20:07'),
(17,'Université Badji Mokhtar de Annaba',NULL,'Université Badji Mokhtar de Annaba',NULL,'Annaba','2022-01-12 23:18:34','2022-01-12 23:20:07'),
(18,'	Université Tahar Moulay de Saida',NULL,'	Université Tahar Moulay de Saida',NULL,'Saïda','2022-01-12 23:18:38','2022-01-12 23:20:07'),
(19,'	Université M\'hamed Bouguerra de Boumerdès',NULL,'	Université M\'hamed Bouguerra de Boumerdès',NULL,'Boumerdès','2022-01-12 23:18:41','2022-01-12 23:20:07'),
(20,'	Université Larbi Ben Mhidi de Oum El Bouaghi',NULL,'	Université Larbi Ben Mhidi de Oum El Bouaghi',NULL,'	Oum El Bouaghi','2022-01-12 23:18:51','2022-01-12 23:20:07');

/*Table structure for table `users` */

DROP TABLE IF EXISTS `users`;

CREATE TABLE `users` (
  `id` int(20) unsigned NOT NULL AUTO_INCREMENT,
  `role` enum('admin','staff','user') CHARACTER SET ascii DEFAULT NULL,
  `status` enum('active','inactive') CHARACTER SET ascii DEFAULT NULL,
  `name` varchar(255) COLLATE utf8mb4_unicode_ci NOT NULL,
  `email` varchar(255) CHARACTER SET ascii NOT NULL,
  `hide_email` tinyint(4) NOT NULL DEFAULT 0,
  `email_verified_at` timestamp NULL DEFAULT NULL,
  `password` varchar(255) COLLATE utf8mb4_unicode_ci NOT NULL,
  `photo` varchar(255) CHARACTER SET ascii DEFAULT NULL,
  `photo_agree` tinyint(4) DEFAULT 0,
  `phone` varchar(255) CHARACTER SET ascii DEFAULT NULL,
  `hide_phone` tinyint(4) NOT NULL DEFAULT 0,
  `university_id` int(10) unsigned NOT NULL,
  `location` varchar(255) COLLATE utf8mb4_unicode_ci DEFAULT NULL,
  `course_id` int(11) DEFAULT NULL,
  `about` text COLLATE utf8mb4_unicode_ci DEFAULT NULL,
  `remember_token` varchar(100) CHARACTER SET ascii DEFAULT NULL,
  `created_at` timestamp NULL DEFAULT NULL,
  `updated_at` timestamp NULL DEFAULT NULL,
  PRIMARY KEY (`id`),
  UNIQUE KEY `users_email_unique` (`email`),
  KEY `course_id` (`course_id`),
  KEY `university_id` (`university_id`)
) ENGINE=InnoDB AUTO_INCREMENT=5 DEFAULT CHARSET=utf8mb4 COLLATE=utf8mb4_unicode_ci;

/*Data for the table `users` */

insert  into `users`(`id`,`role`,`status`,`name`,`email`,`hide_email`,`email_verified_at`,`password`,`photo`,`photo_agree`,`phone`,`hide_phone`,`university_id`,`location`,`course_id`,`about`,`remember_token`,`created_at`,`updated_at`) values 
(1,'admin','active','admin','admin@softui.com',1,'2021-11-22 01:08:50','$2y$10$szhhLsyM.13bUYWiQJ1rPu5Gfp0zTdnHTU.bRKSdiEILO78KS/tBK','assets/img/41G0T4sFRYsVJMBwHynwEMuVhSUEQF7t5tDwRC9X.png',0,'123456789',0,13,'Batna',1,'bio\nbio\n','0OI8Wh89zhTQr6dUs18HhhKVp5XI53c79hkeMNMJDSnCeFEpUWW42y9DBYOY','2021-11-22 01:08:50','2022-01-19 16:11:38'),
(2,'staff','active','aaa','yakov.757@mail-analyzer.com',0,NULL,'$2y$10$QA9lOY0McbJLikc7x9ZduufpGJjuurWT0hW7k33k37ETV2zyM/kCO','assets/img/LdhSFouGCy1Uub7xx4fgoNepVQP3UyFdqdn7mK36.png',0,'2131321',0,1,'12313213',NULL,'fffffffffffff\nfffffff','xkKvvgVM07hL3fIR0LyBYqOuVJv9K0nQwTKsi1ZDBAvIwEwygAXgMWiS6xjm','2021-11-22 05:12:22','2021-12-28 16:33:09'),
(4,NULL,NULL,'yakovich','yasha3651@mail.ru',1,NULL,'$2y$10$KDipbGhXKZ.I60Y5O3hPX.CU..EiuqyjDtmqBrGgVCRjR9R8ePr4i',NULL,0,'2131321',0,2,'345353',NULL,NULL,'vEW7XyfGyd0QIdLgG8K4bUtBIIC7lkA7XGgNmX9Vv3RpM36mB6hpALuvxwUQ','2021-12-22 14:57:12','2021-12-22 16:22:17');

/*!40101 SET SQL_MODE=@OLD_SQL_MODE */;
/*!40014 SET FOREIGN_KEY_CHECKS=@OLD_FOREIGN_KEY_CHECKS */;
/*!40014 SET UNIQUE_CHECKS=@OLD_UNIQUE_CHECKS */;
/*!40111 SET SQL_NOTES=@OLD_SQL_NOTES */;
